Workbook

Sheet Cmax
A1: No. | B1: A | C1: B | D1: C | E1: D | F1: E | G1: F | H1: Ex1 | I1: Ex2 | J1: Ex3 | K1: Ex4 | L1: Ex5 | M1: Ex6 | N1: Ex7 | O1: Ex8 | P1: Ex9 | Q1: Ex10 | R1: Ex11 | S1: Ex12 | T1: Ex13 | U1: Ex14 | V1: Ex15 | W1: Ex16 | X1: Ex17 | Y1: Ex18 | Z1: Ex19 | AA1: Ex20 | AB1: Ex21 | AC1: Ex22 | AD1: Ex23 | AE1: Ex24 | AF1: Ex25 | AG1: Ex26 | AH1: Ex27 | AI1: Ex28 | AJ1: Ex29 | AK1: Ex30
G2: LB | H2: 670 | I2: 656 | J2: 844 | K2: 840 | L2: 614 | M2: 712 | N2: 686 | O2: 681 | P2: 719 | Q2: 678 | R2: 745 | S2: 859 | T2: 678 | U2: 745 | V2: 678 | W2: 745 | X2: 656 | Y2: 670 | Z2: 721 | AA2: 706 | AB2: 635 | AC2: 754 | AD2: 608 | AE2: 670 | AF2: 553 | AG2: 796 | AH2: 896 | AI2: 641 | AJ2: 632 | AK2: 695
A3: 1 | B3: 2 | C3: 3 | D3: 10 | E3: 10 | F3: 10 | G3: 10 | H3: 716 | I3: 697 | J3: 869 | K3: 925 | L3: 622 | M3: 753 | N3: 713 | O3: 694 | P3: 742 | Q3: 724 | R3: 755 | S3: 881 | T3: 717 | U3: 751 | V3: 716 | W3: 762 | X3: 693 | Y3: 720 | Z3: 731 | AA3: 730 | AB3: 667 | AC3: 835 | AD3: 627 | AE3: 700 | AF3: 613 | AG3: 835 | AH3: 927 | AI3: 669 | AJ3: 669 | AK3: 744
A4: 2 | B4: 2 | C4: 3 | D4: 10 | E4: 10 | F4: 20 | G4: 20 | H4: 729 | I4: 697 | J4: 873 | K4: 928 | L4: 624 | M4: 754 | N4: 720 | O4: 704 | P4: 734 | Q4: 727 | R4: 774 | S4: 887 | T4: 723 | U4: 765 | V4: 702 | W4: 762 | X4: 693 | Y4: 717 | Z4: 747 | AA4: 721 | AB4: 659 | AC4: 840 | AD4: 630 | AE4: 704 | AF4: 609 | AG4: 837 | AH4: 917 | AI4: 653 | AJ4: 674 | AK4: 744
A5: 3 | B5: 2 | C5: 3 | D5: 10 | E5: 10 | F5: 40 | G5: 40 | H5: 729 | I5: 693 | J5: 873 | K5: 925 | L5: 626 | M5: 746 | N5: 722 | O5: 697 | P5: 752 | Q5: 727 | R5: 758 | S5: 895 | T5: 709 | U5: 751 | V5: 715 | W5: 751 | X5: 700 | Y5: 722 | Z5: 744 | AA5: 736 | AB5: 664 | AC5: 835 | AD5: 629 | AE5: 710 | AF5: 613 | AG5: 838 | AH5: 917 | AI5: 657 | AJ5: 674 | AK5: 752
A6: 4 | B6: 2 | C6: 5 | D6: 20 | E6: 20 | F6: 10 | G6: 10 | H6: 707 | I6: 691 | J6: 857 | K6: 906 | L6: 619 | M6: 740 | N6: 704 | O6: 687 | P6: 741 | Q6: 695 | R6: 753 | S6: 859 | T6: 695 | U6: 751 | V6: 689 | W6: 751 | X6: 691 | Y6: 714 | Z6: 731 | AA6: 716 | AB6: 659 | AC6: 829 | AD6: 608 | AE6: 705 | AF6: 594 | AG6: 807 | AH6: 915 | AI6: 641 | AJ6: 670 | AK6: 744
A7: 5 | B7: 2 | C7: 5 | D7: 20 | E7: 20 | F7: 20 | G7: 20 | H7: 727 | I7: 692 | J7: 880 | K7: 913 | L7: 616 | M7: 751 | N7: 704 | O7: 687 | P7: 766 | Q7: 715 | R7: 751 | S7: 881 | T7: 707 | U7: 755 | V7: 719 | W7: 751 | X7: 693 | Y7: 720 | Z7: 741 | AA7: 728 | AB7: 664 | AC7: 834 | AD7: 621 | AE7: 704 | AF7: 597 | AG7: 822 | AH7: 917 | AI7: 641 | AJ7: 674 | AK7: 744
A8: 6 | B8: 2 | C8: 5 | D8: 20 | E8: 20 | F8: 40 | G8: 40 | H8: 727 | I8: 700 | J8: 861 | K8: 925 | L8: 630 | M8: 754 | N8: 704 | O8: 686 | P8: 735 | Q8: 709 | R8: 762 | S8: 881 | T8: 713 | U8: 751 | V8: 716 | W8: 751 | X8: 699 | Y8: 730 | Z8: 752 | AA8: 730 | AB8: 659 | AC8: 836 | AD8: 627 | AE8: 704 | AF8: 601 | AG8: 834 | AH8: 917 | AI8: 661 | AJ8: 674 | AK8: 744
A9: 7 | B9: 2 | C9: 8 | D9: 40 | E9: 40 | F9: 10 | G9: 10 | H9: 711 | I9: 691 | J9: 857 | K9: 906 | L9: 614 | M9: 748 | N9: 704 | O9: 682 | P9: 734 | Q9: 689 | R9: 751 | S9: 859 | T9: 694 | U9: 751 | V9: 697 | W9: 750 | X9: 691 | Y9: 707 | Z9: 730 | AA9: 722 | AB9: 667 | AC9: 813 | AD9: 608 | AE9: 699 | AF9: 593 | AG9: 808 | AH9: 923 | AI9: 641 | AJ9: 663 | AK9: 729
A10: 8 | B10: 2 | C10: 8 | D10: 40 | E10: 40 | F10: 20 | G10: 20 | H10: 714 | I10: 691 | J10: 867 | K10: 906 | L10: 614 | M10: 740 | N10: 704 | O10: 685 | P10: 752 | Q10: 697 | R10: 751 | S10: 859 | T10: 700 | U10: 751 | V10: 701 | W10: 755 | X10: 691 | Y10: 714 | Z10: 731 | AA10: 718 | AB10: 659 | AC10: 828 | AD10: 608 | AE10: 704 | AF10: 590 | AG10: 810 | AH10: 915 | AI10: 644 | AJ10: 663 | AK10: 735
A11: 9 | B11: 2 | C11: 8 | D11: 40 | E11: 40 | F11: 40 | G11: 40 | H11: 722 | I11: 691 | J11: 857 | K11: 921 | L11: 622 | M11: 746 | N11: 704 | O11: 686 | P11: 734 | Q11: 716 | R11: 753 | S11: 872 | T11: 711 | U11: 759 | V11: 713 | W11: 753 | X11: 691 | Y11: 729 | Z11: 742 | AA11: 723 | AB11: 659 | AC11: 834 | AD11: 629 | AE11: 700 | AF11: 602 | AG11: 832 | AH11: 923 | AI11: 663 | AJ11: 677 | AK11: 744
A12: 10 | B12: 3 | C12: 3 | D12: 20 | E12: 40 | F12: 10 | G12: 20 | H12: 707 | I12: 691 | J12: 857 | K12: 906 | L12: 614 | M12: 745 | N12: 709 | O12: 683 | P12: 734 | Q12: 694 | R12: 745 | S12: 859 | T12: 691 | U12: 751 | V12: 693 | W12: 753 | X12: 691 | Y12: 712 | Z12: 722 | AA12: 722 | AB12: 659 | AC12: 823 | AD12: 608 | AE12: 704 | AF12: 600 | AG12: 796 | AH12: 915 | AI12: 644 | AJ12: 664 | AK12: 730
A13: 11 | B13: 3 | C13: 3 | D13: 20 | E13: 40 | F13: 20 | G13: 40 | H13: 722 | I13: 693 | J13: 869 | K13: 906 | L13: 614 | M13: 746 | N13: 704 | O13: 693 | P13: 761 | Q13: 712 | R13: 753 | S13: 871 | T13: 701 | U13: 751 | V13: 695 | W13: 751 | X13: 700 | Y13: 716 | Z13: 731 | AA13: 722 | AB13: 659 | AC13: 828 | AD13: 608 | AE13: 704 | AF13: 601 | AG13: 828 | AH13: 917 | AI13: 648 | AJ13: 675 | AK13: 744
A14: 12 | B14: 3 | C14: 3 | D14: 20 | E14: 40 | F14: 40 | G14: 10 | H14: 707 | I14: 691 | J14: 857 | K14: 906 | L14: 614 | M14: 740 | N14: 704 | O14: 681 | P14: 734 | Q14: 695 | R14: 751 | S14: 859 | T14: 680 | U14: 751 | V14: 687 | W14: 753 | X14: 691 | Y14: 707 | Z14: 731 | AA14: 716 | AB14: 659 | AC14: 828 | AD14: 608 | AE14: 699 | AF14: 591 | AG14: 807 | AH14: 912 | AI14: 641 | AJ14: 661 | AK14: 731
... A29: 27 | B29: 4 | C29: 8 | D29: 20 | E29: 10 | F29: 40 | G29: 20 | H29: 725 | I29: 694 | J29: 863 | K29: 927 | L29: 624 | M29: 754 | N29: 722 | O29: 693 | P29: 761 | Q29: 727 | R29: 762 | S29: 873 | T29: 715 | U29: 747 | V29: 716 | W29: 756 | X29: 693 | Y29: 724 | Z29: 752 | AA29: 728 | AB29: 659 | AC29: 844 | AD29: 629 | AE29: 714 | AF29: 613 | AG29: 835 | AH29: 917 | AI29: 657 | AJ29: 675 | AK29: 744

Sheet Time
A1: No. | B1: A | C1: B | D1: C | E1: D | F1: E | G1: F | H1: Ex1 | I1: Ex2 | J1: Ex3 | K1: Ex4 | L1: Ex5 | M1: Ex6 | N1: Ex7 | O1: Ex8 | P1: Ex9 | Q1: Ex10 | R1: Ex11 | S1: Ex12 | T1: Ex13 | U1: Ex14 | V1: Ex15 | W1: Ex16 | X1: Ex17 | Y1: Ex18 | Z1: Ex19 | AA1: Ex20 | AB1: Ex21 | AC1: Ex22 | AD1: Ex23 | AE1: Ex24 | AF1: Ex25 | AG1: Ex26 | AH1: Ex27 | AI1: Ex28 | AJ1: Ex29 | AK1: Ex30
A3: 1 | B3: 2 | C3: 3 | D3: 10 | E3: 10 | F3: 10 | G3: 10 | H3: 4.477 | I3: 3.447 | J3: 1.422 | K3: 3.117 | L3: 3.337 | M3: 3.597 | N3: 3.3 | O3: 3.789 | P3: 6.348 | Q3: 1.244 | R3: 4.158 | S3: 3.428 | T3: 1.307 | U3: 4.22 | V3: 1.685 | W3: 3.718 | X3: 3.952 | Y3: 3.228 | Z3: 4.646 | AA3: 2.963 | AB3: 3.544 | AC3: 2.299 | AD3: 1.746 | AE3: 4.215 | AF3: 2.452 | AG3: 2.821 | AH3: 1.653 | AI3: 3.844 | AJ3: 4.979 | AK3: 1.444
A4: 2 | B4: 2 | C4: 3 | D4: 10 | E4: 10 | F4: 20 | G4: 20 | H4: 2.929 | I4: 4.057 | J4: 1.384 | K4: 2.892 | L4: 1.838 | M4: 3.131 | N4: 2.934 | O4: 4.782 | P4: 4.249 | Q4: 1.213 | R4: 4.425 | S4: 1.879 | T4: 1.618 | U4: 3.827 | V4: 1.91 | W4: 3.718 | X4: 3.763 | Y4: 4.453 | Z4: 4.9 | AA4: 4.323 | AB4: 3.273 | AC4: 5.764 | AD4: 1.239 | AE4: 3.471 | AF4: 4.125 | AG4: 3.172 | AH4: 1.664 | AI4: 2.84 | AJ4: 4.906 | AK4: 2.276
A5: 3 | B5: 2 | C5: 3 | D5: 10 | E5: 10 | F5: 40 | G5: 40 | H5: 3.117 | I5: 3.418 | J5: 1.32 | K5: 2.82 | L5: 5.796 | M5: 3.541 | N5: 3.072 | O5: 4.487 | P5: 5.007 | Q5: 1.195 | R5: 4.43 | S5: 3.228 | T5: 1.226 | U5: 4.303 | V5: 1.221 | W5: 4.215 | X5: 3.86 | Y5: 3.493 | Z5: 4.263 | AA5: 3.114 | AB5: 3.847 | AC5: 5.695 | AD5: 1.063 | AE5: 5.851 | AF5: 3.815 | AG5: 3.643 | AH5: 1.671 | AI5: 2.959 | AJ5: 3.059 | AK5: 1.339
A6: 4 | B6: 2 | C6: 5 | D6: 20 | E6: 20 | F6: 10 | G6: 10 | H6: 5.771 | I6: 4.604 | J6: 4.594 | K6: 3.299 | L6: 3.587 | M6: 3.987 | N6: 3.435 | O6: 4.057 | P6: 4.058 | Q6: 7.385 | R6: 4.528 | S6: 1.245 | T6: 6.413 | U6: 4.516 | V6: 3.945 | W6: 4.591 | X6: 3.622 | Y6: 5.042 | Z6: 3.866 | AA6: 3.64 | AB6: 3.867 | AC6: 5.575 | AD6: 0.85 | AE6: 4.371 | AF6: 3.384 | AG6: 4.092 | AH6: 4.213 | AI6: 1.435 | AJ6: 3.036 | AK6: 1.628
A7: 5 | B7: 2 | C7: 5 | D7: 20 | E7: 20 | F7: 20 | G7: 20 | H7: 2.33 | I7: 3.938 | J7: 1.292 | K7: 2.64 | L7: 4.501 | M7: 2.948 | N7: 2.779 | O7: 3.789 | P7: 2.343 | Q7: 1.28 | R7: 3.754 | S7: 2.861 | T7: 1.264 | U7: 4.609 | V7: 1.451 | W7: 4.011 | X7: 4.665 | Y7: 4.925 | Z7: 2.653 | AA7: 3.702 | AB7: 3.387 | AC7: 1.984 | AD7: 1.058 | AE7: 5.187 | AF7: 3.93 | AG7: 6.305 | AH7: 2.431 | AI7: 2.06 | AJ7: 4.052 | AK7: 2.122
A8: 6 | B8: 2 | C8: 5 | D8: 20 | E8: 20 | F8: 40 | G8: 40 | H8: 6.148 | I8: 3.508 | J8: 1.377 | K8: 2.758 | L8: 1.702 | M8: 3.395 | N8: 2.757 | O8: 4.126 | P8: 3.159 | Q8: 1.6 | R8: 5.499 | S8: 2.052 | T8: 1.292 | U8: 4.451 | V8: 1.221 | W8: 5.202 | X8: 3.618 | Y8: 1.867 | Z8: 3.166 | AA8: 4.038 | AB8: 3.985 | AC8: 4.249 | AD8: 1.136 | AE8: 6.129 | AF8: 4.488 | AG8: 2.913 | AH8: 2.785 | AI8: 3.215 | AJ8: 1.802 | AK8: 1.584
A9: 7 | B9: 2 | C9: 8 | D9: 40 | E9: 40 | F9: 10 | G9: 10 | H9: 6.277 | I9: 4.068 | J9: 6.797 | K9: 3.142 | L9: 0.594 | M9: 3.458 | N9: 3.169 | O9: 4.674 | P9: 5.789 | Q9: 6.168 | R9: 5.599 | S9: 0.094 | T9: 3.098 | U9: 5.729 | V9: 4.945 | W9: 5.092 | X9: 4.288 | Y9: 4.459 | Z9: 4.608 | AA9: 4.011 | AB9: 3.645 | AC9: 4.83 | AD9: 2.363 | AE9: 5.426 | AF9: 3.592 | AG9: 5.368 | AH9: 1.352 | AI9: 0.102 | AJ9: 5.728 | AK9: 4.105
A10: 8 | B10: 2 | C10: 8 | D10: 40 | E10: 40 | F10: 20 | G10: 20 | H10: 5.219 | I10: 3.885 | J10: 2.104 | K10: 3.008 | L10: 2.289 | M10: 4.146 | N10: 3.091 | O10: 4.86 | P10: 6.16 | Q10: 1.699 | R10: 5.421 | S10: 2.258 | T10: 1.973 | U10: 4.848 | V10: 2.405 | W10: 5.473 | X10: 3.879 | Y10: 4.654 | Z10: 4.466 | AA10: 3.591 | AB10: 3.23 | AC10: 3.088 | AD10: 2.896 | AE10: 4.526 | AF10: 3.13 | AG10: 5.356 | AH10: 1.237 | AI10: 3.662 | AJ10: 2.463 | AK10: 3.95
A11: 9 | B11: 2 | C11: 8 | D11: 40 | E11: 40 | F11: 40 | G11: 40 | H11: 2.055 | I11: 4.882 | J11: 1.517 | K11: 2.624 | L11: 4.376 | M11: 3.563 | N11: 3.552 | O11: 4.57 | P11: 1.886 | Q11: 1.312 | R11: 6.241 | S11: 2.149 | T11: 2.245 | U11: 4.145 | V11: 3.232 | W11: 4.594 | X11: 3.924 | Y11: 3.645 | Z11: 4.807 | AA11: 5.273 | AB11: 3.981 | AC11: 4.411 | AD11: 1.159 | AE11: 5.039 | AF11: 3.029 | AG11: 5.524 | AH11: 1.707 | AI11: 4.199 | AJ11: 1.808 | AK11: 2.655
A12: 10 | B12: 3 | C12: 3 | D12: 20 | E12: 40 | F12: 10 | G12: 20 | H12: 3.967 | I12: 3.287 | J12: 4.1 | K12: 2.857 | L12: 0.554 | M12: 3.397 | N12: 3.13 | O12: 4.176 | P12: 3.552 | Q12: 4.483 | R12: 0.666 | S12: 0.32 | T12: 3.832 | U12: 3.754 | V12: 4.477 | W12: 3.774 | X12: 3.319 | Y12: 4.332 | Z12: 3.363 | AA12: 2.758 | AB12: 3.194 | AC12: 4.032 | AD12: 0.067 | AE12: 3.733 | AF12: 2.733 | AG12: 2.456 | AH12: 3.305 | AI12: 2.41 | AJ12: 4.196 | AK12: 5.463
A13: 11 | B13: 3 | C13: 3 | D13: 20 | E13: 40 | F13: 20 | G13: 40 | H13: 3.477 | I13: 4.079 | J13: 2.287 | K13: 2.597 | L13: 0.039 | M13: 3.13 | N13: 2.64 | O13: 3.534 | P13: 4.939 | Q13: 1.872 | R13: 4.046 | S13: 1.982 | T13: 1.285 | U13: 4.16 | V13: 2.147 | W13: 4.09 | X13: 3.212 | Y13: 2.014 | Z13: 4.699 | AA13: 2.907 | AB13: 3.052 | AC13: 5.561 | AD13: 0.118 | AE13: 4.369 | AF13: 2.854 | AG13: 1.872 | AH13: 3.613 | AI13: 2.254 | AJ13: 2.584 | AK13: 2.534
A14: 12 | B14: 3 | C14: 3 | D14: 20 | E14: 40 | F14: 40 | G14: 10 | H14: 4.223 | I14: 3.637 | J14: 4.109 | K14: 3.416 | L14: 0.206 | M14: 3.158 | N14: 2.961 | O14: 1.085 | P14: 3.944 | Q14: 4.039 | R14: 4.767 | S14: 0.658 | T14: 4.452 | U14: 4.389 | V14: 3.737 | W14: 3.967 | X14: 3.313 | Y14: 4.049 | Z14: 3.761 | AA14: 3.13 | AB14: 3.109 | AC14: 4.802 | AD14: 0.737 | AE14: 4.055 | AF14: 3.303 | AG14: 4.383 | AH14: 3.607 | AI14: 0.592 | AJ14: 3.878 | AK14: 4.433
... A29: 27 | B29: 4 | C29: 8 | D29: 20 | E29: 10 | F29: 40 | G29: 20 | H29: 3.742 | I29: 3.093 | J29: 5 | K29: 2.695 | L29: 3.437 | M29: 3.026 | N29: 2.887 | O29: 3.171 | P29: 4.631 | Q29: 2.151 | R29: 3.544 | S29: 2.386 | T29: 1.531 | U29: 3.383 | V29: 1.235 | W29: 3.127 | X29: 3.184 | Y29: 3.839 | Z29: 4.365 | AA29: 2.851 | AB29: 2.96 | AC29: 4.724 | AD29: 1.208 | AE29: 3.852 | AF29: 2.584 | AG29: 3.115 | AH29: 3.147 | AI29: 2.379 | AJ29: 4.22 | AK29: 4.587

Sheet RPD
A1: No. | B1: A | C1: B | D1: C | E1: D | F1: E | G1: F | H1: Ex1 | I1: Ex2 | J1: Ex3 | K1: Ex4 | L1: Ex5 | M1: Ex6 | N1: Ex7 | O1: Ex8 | P1: Ex9 | Q1: Ex10 | R1: Ex11 | S1: Ex12 | T1: Ex13 | U1: Ex14 | V1: Ex15 | W1: Ex16 | X1: Ex17 | Y1: Ex18 | Z1: Ex19 | AA1: Ex20 | AB1: Ex21 | AC1: Ex22 | AD1: Ex23 | AE1: Ex24 | AF1: Ex25 | AG1: Ex26 | AH1: Ex27 | AI1: Ex28 | AJ1: Ex29 | AK1: Ex30
A3: 1 | B3: 2 | C3: 3 | D3: 10 | E3: 10 | F3: 10 | G3: 10 | H3: =(Cmax!H3-Cmax!H$2)/Cmax!H$2*100 -> 6.8656716 | I3: =(Cmax!I3-Cmax!I$2)/Cmax!I$2*100 -> 6.25 | J3: =(Cmax!J3-Cmax!J$2)/Cmax!J$2*100 -> 2.9620853 | K3: =(Cmax!K3-Cmax!K$2)/Cmax!K$2*100 -> 10.119048 | L3: =(Cmax!L3-Cmax!L$2)/Cmax!L$2*100 -> 1.3029316 | M3: =(Cmax!M3-Cmax!M$2)/Cmax!M$2*100 -> 5.758427 | N3: =(Cmax!N3-Cmax!N$2)/Cmax!N$2*100 -> 3.9358601 | O3: =(Cmax!O3-Cmax!O$2)/Cmax!O$2*100 -> 1.9089574 | ... AK3: =(Cmax!AK3-Cmax!AK$2)/Cmax!AK$2*100 -> 7.0503597
A4: 2 | B4: 2 | C4: 3 | D4: 10 | E4: 10 | F4: 20 | G4: 20 | H4: =(Cmax!H4-Cmax!$H$2)/Cmax!$H$2*100 -> 8.8059701 | I4: =(Cmax!I4-Cmax!I$2)/Cmax!I$2*100 -> 6.25 | J4: =(Cmax!J4-Cmax!J$2)/Cmax!J$2*100 -> 3.436019 | K4: =(Cmax!K4-Cmax!K$2)/Cmax!K$2*100 -> 10.47619 | L4: =(Cmax!L4-Cmax!L$2)/Cmax!L$2*100 -> 1.6286645 | M4: =(Cmax!M4-Cmax!M$2)/Cmax!M$2*100 -> 5.8988764 | N4: =(Cmax!N4-Cmax!N$2)/Cmax!N$2*100 -> 4.9562682 | O4: =(Cmax!O4-Cmax!O$2)/Cmax!O$2*100 -> 3.3773862 | P4: =(Cmax!P4-Cmax!P$2)/Cmax!P$2*100 -> 2.0862309 | ... AK4: =(Cmax!AK4-Cmax!AK$2)/Cmax!AK$2*100 -> 7.0503597
A5: 3 | B5: 2 | C5: 3 | D5: 10 | E5: 10 | F5: 40 | G5: 40 | H5: =(Cmax!H5-Cmax!$H$2)/Cmax!$H$2*100 -> 8.8059701 | I5: =(Cmax!I5-Cmax!I$2)/Cmax!I$2*100 -> 5.6402439 | J5: =(Cmax!J5-Cmax!J$2)/Cmax!J$2*100 -> 3.436019 | K5: =(Cmax!K5-Cmax!K$2)/Cmax!K$2*100 -> 10.119048 | L5: =(Cmax!L5-Cmax!L$2)/Cmax!L$2*100 -> 1.9543974 | M5: =(Cmax!M5-Cmax!M$2)/Cmax!M$2*100 -> 4.7752809 | N5: =(Cmax!N5-Cmax!N$2)/Cmax!N$2*100 -> 5.2478134 | O5: =(Cmax!O5-Cmax!O$2)/Cmax!O$2*100 -> 2.349486 | P5: =(Cmax!P5-Cmax!P$2)/Cmax!P$2*100 -> 4.5897079 | ... AK5: =(Cmax!AK5-Cmax!AK$2)/Cmax!AK$2*100 -> 8.2014388
A6: 4 | B6: 2 | C6: 5 | D6: 20 | E6: 20 | F6: 10 | G6: 10 | H6: =(Cmax!H6-Cmax!$H$2)/Cmax!$H$2*100 -> 5.5223881 | I6: =(Cmax!I6-Cmax!I$2)/Cmax!I$2*100 -> 5.3353659 | J6: =(Cmax!J6-Cmax!J$2)/Cmax!J$2*100 -> 1.5402844 | K6: =(Cmax!K6-Cmax!K$2)/Cmax!K$2*100 -> 7.8571429 | L6: =(Cmax!L6-Cmax!L$2)/Cmax!L$2*100 -> 0.81433225 | M6: =(Cmax!M6-Cmax!M$2)/Cmax!M$2*100 -> 3.9325843 | N6: =(Cmax!N6-Cmax!N$2)/Cmax!N$2*100 -> 2.6239067 | O6: =(Cmax!O6-Cmax!O$2)/Cmax!O$2*100 -> 0.88105727 | P6: =(Cmax!P6-Cmax!P$2)/Cmax!P$2*100 -> 3.0598053 | ... AK6: =(Cmax!AK6-Cmax!AK$2)/Cmax!AK$2*100 -> 7.0503597
A7: 5 | B7: 2 | C7: 5 | D7: 20 | E7: 20 | F7: 20 | G7: 20 | H7: =(Cmax!H7-Cmax!$H$2)/Cmax!$H$2*100 -> 8.5074627 | I7: =(Cmax!I7-Cmax!I$2)/Cmax!I$2*100 -> 5.4878049 | J7: =(Cmax!J7-Cmax!J$2)/Cmax!J$2*100 -> 4.2654028 | K7: =(Cmax!K7-Cmax!K$2)/Cmax!K$2*100 -> 8.6904762 | L7: =(Cmax!L7-Cmax!L$2)/Cmax!L$2*100 -> 0.3257329 | M7: =(Cmax!M7-Cmax!M$2)/Cmax!M$2*100 -> 5.4775281 | N7: =(Cmax!N7-Cmax!N$2)/Cmax!N$2*100 -> 2.6239067 | O7: =(Cmax!O7-Cmax!O$2)/Cmax!O$2*100 -> 0.88105727 | P7: =(Cmax!P7-Cmax!P$2)/Cmax!P$2*100 -> 6.5368567 | ... AK7: =(Cmax!AK7-Cmax!AK$2)/Cmax!AK$2*100 -> 7.0503597
A8: 6 | B8: 2 | C8: 5 | D8: 20 | E8: 20 | F8: 40 | G8: 40 | H8: =(Cmax!H8-Cmax!$H$2)/Cmax!$H$2*100 -> 8.5074627 | I8: =(Cmax!I8-Cmax!I$2)/Cmax!I$2*100 -> 6.7073171 | J8: =(Cmax!J8-Cmax!J$2)/Cmax!J$2*100 -> 2.014218 | K8: =(Cmax!K8-Cmax!K$2)/Cmax!K$2*100 -> 10.119048 | L8: =(Cmax!L8-Cmax!L$2)/Cmax!L$2*100 -> 2.6058632 | M8: =(Cmax!M8-Cmax!M$2)/Cmax!M$2*100 -> 5.8988764 | N8: =(Cmax!N8-Cmax!N$2)/Cmax!N$2*100 -> 2.6239067 | O8: =(Cmax!O8-Cmax!O$2)/Cmax!O$2*100 -> 0.73421439 | P8: =(Cmax!P8-Cmax!P$2)/Cmax!P$2*100 -> 2.2253129 | ... AK8: =(Cmax!AK8-Cmax!AK$2)/Cmax!AK$2*100 -> 7.0503597
A9: 7 | B9: 2 | C9: 8 | D9: 40 | E9: 40 | F9: 10 | G9: 10 | H9: =(Cmax!H9-Cmax!$H$2)/Cmax!$H$2*100 -> 6.119403 | I9: =(Cmax!I9-Cmax!I$2)/Cmax!I$2*100 -> 5.3353659 | J9: =(Cmax!J9-Cmax!J$2)/Cmax!J$2*100 -> 1.5402844 | K9: =(Cmax!K9-Cmax!K$2)/Cmax!K$2*100 -> 7.8571429 | L9: =(Cmax!L9-Cmax!L$2)/Cmax!L$2*100 -> 0 | M9: =(Cmax!M9-Cmax!M$2)/Cmax!M$2*100 -> 5.0561798 | N9: =(Cmax!N9-Cmax!N$2)/Cmax!N$2*100 -> 2.6239067 | O9: =(Cmax!O9-Cmax!O$2)/Cmax!O$2*100 -> 0.14684288 | P9: =(Cmax!P9-Cmax!P$2)/Cmax!P$2*100 -> 2.0862309 | ... AK9: =(Cmax!AK9-Cmax!AK$2)/Cmax!AK$2*100 -> 4.8920863
A10: 8 | B10: 2 | C10: 8 | D10: 40 | E10: 40 | F10: 20 | G10: 20 | H10: =(Cmax!H10-Cmax!$H$2)/Cmax!$H$2*100 -> 6.5671642 | I10: =(Cmax!I10-Cmax!I$2)/Cmax!I$2*100 -> 5.3353659 | J10: =(Cmax!J10-Cmax!J$2)/Cmax!J$2*100 -> 2.7251185 | K10: =(Cmax!K10-Cmax!K$2)/Cmax!K$2*100 -> 7.8571429 | L10: =(Cmax!L10-Cmax!L$2)/Cmax!L$2*100 -> 0 | M10: =(Cmax!M10-Cmax!M$2)/Cmax!M$2*100 -> 3.9325843 | N10: =(Cmax!N10-Cmax!N$2)/Cmax!N$2*100 -> 2.6239067 | O10: =(Cmax!O10-Cmax!O$2)/Cmax!O$2*100 -> 0.58737151 | P10: =(Cmax!P10-Cmax!P$2)/Cmax!P$2*100 -> 4.5897079 | ... AK10: =(Cmax!AK10-Cmax!AK$2)/Cmax!AK$2*100 -> 5.7553957
A11: 9 | B11: 2 | C11: 8 | D11: 40 | E11: 40 | F11: 40 | G11: 40 | H11: =(Cmax!H11-Cmax!$H$2)/Cmax!$H$2*100 -> 7.761194 | I11: =(Cmax!I11-Cmax!I$2)/Cmax!I$2*100 -> 5.3353659 | J11: =(Cmax!J11-Cmax!J$2)/Cmax!J$2*100 -> 1.5402844 | K11: =(Cmax!K11-Cmax!K$2)/Cmax!K$2*100 -> 9.6428571 | L11: =(Cmax!L11-Cmax!L$2)/Cmax!L$2*100 -> 1.3029316 | M11: =(Cmax!M11-Cmax!M$2)/Cmax!M$2*100 -> 4.7752809 | N11: =(Cmax!N11-Cmax!N$2)/Cmax!N$2*100 -> 2.6239067 | O11: =(Cmax!O11-Cmax!O$2)/Cmax!O$2*100 -> 0.73421439 | P11: =(Cmax!P11-Cmax!P$2)/Cmax!P$2*100 -> 2.0862309 | ... AK11: =(Cmax!AK11-Cmax!AK$2)/Cmax!AK$2*100 -> 7.0503597
A12: 10 | B12: 3 | C12: 3 | D12: 20 | E12: 40 | F12: 10 | G12: 20 | H12: =(Cmax!H12-Cmax!$H$2)/Cmax!$H$2*100 -> 5.5223881 | I12: =(Cmax!I12-Cmax!I$2)/Cmax!I$2*100 -> 5.3353659 | J12: =(Cmax!J12-Cmax!J$2)/Cmax!J$2*100 -> 1.5402844 | K12: =(Cmax!K12-Cmax!K$2)/Cmax!K$2*100 -> 7.8571429 | L12: =(Cmax!L12-Cmax!L$2)/Cmax!L$2*100 -> 0 | M12: =(Cmax!M12-Cmax!M$2)/Cmax!M$2*100 -> 4.6348315 | N12: =(Cmax!N12-Cmax!N$2)/Cmax!N$2*100 -> 3.3527697 | O12: =(Cmax!O12-Cmax!O$2)/Cmax!O$2*100 -> 0.29368576 | P12: =(Cmax!P12-Cmax!P$2)/Cmax!P$2*100 -> 2.0862309 | ... AK12: =(Cmax!AK12-Cmax!AK$2)/Cmax!AK$2*100 -> 5.0359712
A13: 11 | B13: 3 | C13: 3 | D13: 20 | E13: 40 | F13: 20 | G13: 40 | H13: =(Cmax!H13-Cmax!$H$2)/Cmax!$H$2*100 -> 7.761194 | I13: =(Cmax!I13-Cmax!I$2)/Cmax!I$2*100 -> 5.6402439 | J13: =(Cmax!J13-Cmax!J$2)/Cmax!J$2*100 -> 2.9620853 | K13: =(Cmax!K13-Cmax!K$2)/Cmax!K$2*100 -> 7.8571429 | L13: =(Cmax!L13-Cmax!L$2)/Cmax!L$2*100 -> 0 | M13: =(Cmax!M13-Cmax!M$2)/Cmax!M$2*100 -> 4.7752809 | N13: =(Cmax!N13-Cmax!N$2)/Cmax!N$2*100 -> 2.6239067 | O13: =(Cmax!O13-Cmax!O$2)/Cmax!O$2*100 -> 1.7621145 | P13: =(Cmax!P13-Cmax!P$2)/Cmax!P$2*100 -> 5.8414465 | ... AK13: =(Cmax!AK13-Cmax!AK$2)/Cmax!AK$2*100 -> 7.0503597
A14: 12 | B14: 3 | C14: 3 | D14: 20 | E14: 40 | F14: 40 | G14: 10 | H14: =(Cmax!H14-Cmax!$H$2)/Cmax!$H$2*100 -> 5.5223881 | I14: =(Cmax!I14-Cmax!I$2)/Cmax!I$2*100 -> 5.3353659 | J14: =(Cmax!J14-Cmax!J$2)/Cmax!J$2*100 -> 1.5402844 | K14: =(Cmax!K14-Cmax!K$2)/Cmax!K$2*100 -> 7.8571429 | L14: =(Cmax!L14-Cmax!L$2)/Cmax!L$2*100 -> 0 | M14: =(Cmax!M14-Cmax!M$2)/Cmax!M$2*100 -> 3.9325843 | N14: =(Cmax!N14-Cmax!N$2)/Cmax!N$2*100 -> 2.6239067 | O14: =(Cmax!O14-Cmax!O$2)/Cmax!O$2*100 -> 0 | P14: =(Cmax!P14-Cmax!P$2)/Cmax!P$2*100 -> 2.0862309 | ... AK14: =(Cmax!AK14-Cmax!AK$2)/Cmax!AK$2*100 -> 5.1798561
A15: 13 | B15: 3 | C15: 5 | D15: 40 | E15: 10 | F15: 10 | G15: 20 | H15: =(Cmax!H15-Cmax!$H$2)/Cmax!$H$2*100 -> 7.4626866 | I15: =(Cmax!I15-Cmax!I$2)/Cmax!I$2*100 -> 6.25 | J15: =(Cmax!J15-Cmax!J$2)/Cmax!J$2*100 -> 2.4881517 | K15: =(Cmax!K15-Cmax!K$2)/Cmax!K$2*100 -> 10.47619 | L15: =(Cmax!L15-Cmax!L$2)/Cmax!L$2*100 -> 3.0944625 | M15: =(Cmax!M15-Cmax!M$2)/Cmax!M$2*100 -> 6.1797753 | N15: =(Cmax!N15-Cmax!N$2)/Cmax!N$2*100 -> 2.6239067 | O15: =(Cmax!O15-Cmax!O$2)/Cmax!O$2*100 -> 3.9647577 | P15: =(Cmax!P15-Cmax!P$2)/Cmax!P$2*100 -> 6.9541029 | ... AK15: =(Cmax!AK15-Cmax!AK$2)/Cmax!AK$2*100 -> 7.0503597
... A29: 27 | B29: 4 | C29: 8 | D29: 20 | E29: 10 | F29: 40 | G29: 20 | H29: =(Cmax!H29-Cmax!$H$2)/Cmax!$H$2*100 -> 8.2089552 | I29: =(Cmax!I29-Cmax!I$2)/Cmax!I$2*100 -> 5.7926829 | J29: =(Cmax!J29-Cmax!J$2)/Cmax!J$2*100 -> 2.2511848 | K29: =(Cmax!K29-Cmax!K$2)/Cmax!K$2*100 -> 10.357143 | L29: =(Cmax!L29-Cmax!L$2)/Cmax!L$2*100 -> 1.6286645 | M29: =(Cmax!M29-Cmax!M$2)/Cmax!M$2*100 -> 5.8988764 | N29: =(Cmax!N29-Cmax!N$2)/Cmax!N$2*100 -> 5.2478134 | O29: =(Cmax!O29-Cmax!O$2)/Cmax!O$2*100 -> 1.7621145 | P29: =(Cmax!P29-Cmax!P$2)/Cmax!P$2*100 -> 5.8414465 | ... AK29: =(Cmax!AK29-Cmax!AK$2)/Cmax!AK$2*100 -> 7.0503597

Sheet SideCalc
A1: Source | B1: DF | C1: Seq SS | D1: Adj SS | E1: Adj MS | F1: F | G1: P
A2: A | B2: 2 | C2: 0.0382 | D2: 0.0382 | E2: 0.0191 | F2: 0.06 | G2: 0.945
A3: B | B3: 2 | C3: 0.0685 | D3: 0.0685 | E3: 0.0343 | F3: 0.1 | G3: 0.905
A4: C | B4: 2 | C4: 2.0535 | D4: 2.0535 | E4: 1.0267 | F4: 3.03 | G4: 0.081
A5: D | B5: 2 | C5: 33.7002 | D5: 33.7002 | E5: 16.8501 | F5: 49.68 | G5: 0
A6: E | B6: 2 | C6: 0.0267 | D6: 0.0267 | E6: 0.0134 | F6: 0.04 | G6: 0.961
A7: F | B7: 2 | C7: 11.0822 | D7: 11.0822 | E7: 5.5411 | F7: 16.34 | G7: 0
A8: Residual Error | B8: 14 | C8: 4.7482 | D8: 4.7482 | E8: 0.3392
A9: Total | B9: 26 | C9: 51.7176
