Workbook

Sheet MOSP results
B1: 6 | C1: 6 | D1: 6 | E1: 6 | F1: 6 | G1: 6 | H1: 6 | I1: 6 | J1: 6 | K1: 6 | L1: 6 | M1: 6 | N1: 6 | O1: 6 | P1: 6 | Q1: 6 | R1: 6 | S1: 6 | T1: 6 | U1: 6 | V1: 6 | W1: 6 | X1: 6 | Y1: 6 | Z1: 6 | AA1: 6 | AB1: 6 | AC1: 6 | AD1: 6 | AE1: 6 | AF1: 6 | AG1: 6 | AH1: 6 | AI1: 6 | AJ1: 6 | AK1: 6 | AL1: 12 | AM1: 12 | AN1: 12 | AO1: 12 | AP1: 12 | AQ1: 12 | AR1: 12 | AS1: 12 | AT1: 12 | AU1: 12 | AV1: 12 | AW1: 12 | AX1: 12 | AY1: 12 | AZ1: 12 | BA1: 12 | BB1: 12 | BC1: 12 | BD1: 12 | BE1: 12 | BF1: 12 | BG1: 12 | BH1: 12 | BI1: 12 | BJ1: 12 | BK1: 12 | BL1: 12 | BM1: 12 | BN1: 12 | BO1: 12 | BP1: 12 | BQ1: 12 | BR1: 12 | BS1: 12 | BT1: 12 | BU1: 12 | BV1: 6 | BW1: 6 | BX1: 6 | BY1: 6 | BZ1: 6 | CA1: 6 | CB1: 6 | CC1: 6 | CD1: 6 | CE1: 6 | CF1: 6 | CG1: 6 | CH1: 6 | CI1: 6 | CJ1: 6 | CK1: 6 | CL1: 6 | CM1: 6 | CN1: 6 | CO1: 6 | CP1: 6 | CQ1: 6 | CR1: 6 | CS1: 6 | CT1: 6 | CU1: 6 | CV1: 6 | CW1: 6 | CX1: 6 | CY1: 6 | CZ1: 6 | DA1: 6 | DB1: 6 | DC1: 6 | DD1: 6 | DE1: 6 | DF1: 12 | DG1: 12 | DH1: 12 | DI1: 12 | DJ1: 12 | DK1: 12 | DL1: 12 | DM1: 12 | DN1: 12 | DO1: 12 | DP1: 12 | DQ1: 12 | DR1: 12 | DS1: 12 | DT1: 12 | DU1: 12 | DV1: 12 | DW1: 12 | DX1: 12 | DY1: 12 | DZ1: 12 | EA1: 12 | EB1: 12 | EC1: 12 | ED1: 12 | EE1: 12 | EF1: 12 | EG1: 12 | EH1: 12 | EI1: 12 | EJ1: 12 | EK1: 12 | EL1: 12 | EM1: 12 | EN1: 12 | EO1: 12 | EP1: 6 | EQ1: 6 | ER1: 6 | ES1: 6 | ET1: 6 | EU1: 6 | EV1: 6 | EW1: 6 | EX1: 6 | EY1: 6 | EZ1: 6 | FA1: 6 | FB1: 6 | FC1: 6 | FD1: 6 | FE1: 6 | FF1: 6 | FG1: 6 | FH1: 6 | FI1: 6 | FJ1: 6 | FK1: 6 | FL1: 6 | FM1: 6 | FN1: 6 | FO1: 6 | FP1: 6 | FQ1: 6 | FR1: 6 | FS1: 6 | FT1: 6 | FU1: 6 | FV1: 6 | FW1: 6 | FX1: 6 | FY1: 6 | FZ1: 12 | GA1: 12 | GB1: 12 | GC1: 12 | GD1: 12 | GE1: 12 | GF1: 12 | GG1: 12 | GH1: 12 | GI1: 12 | GJ1: 12 | GK1: 12 | GL1: 12 | GM1: 12 | GN1: 12 | GO1: 12 | GP1: 12 | GQ1: 12 | GR1: 12 | GS1: 12 | GT1: 12 | GU1: 12 | GV1: 12 | GW1: 12 | GX1: 12 | GY1: 12 | GZ1: 12 | HA1: 12 | HB1: 12 | HC1: 12 | HD1: 12 | HE1: 12 | HF1: 12 | HG1: 12 | HH1: 12 | HI1: 12 | HJ1: 6 | HK1: 6 | HL1: 6 | HM1: 6 | HN1: 6 | HO1: 6 | HP1: 6 | HQ1: 6 | HR1: 6 | HS1: 6 | HT1: 6 | HU1: 6 | HV1: 6 | HW1: 6 | HX1: 6 | HY1: 6 | HZ1: 6 | IA1: 6 | IB1: 6 | IC1: 6 | ID1: 6 | IE1: 6 | IF1: 6 | IG1: 6 | IH1: 6 | II1: 6 | IJ1: 6 | IK1: 6 | IL1: 6 | IM1: 6 | IN1: 6 | IO1: 6 | IP1: 6 | IQ1: 6 | IR1: 6 | IS1: 6 | IT1: 12 | IU1: 12 | IV1: 12 | IW1: 12 | IX1: 12 | IY1: 12 | IZ1: 12 | JA1: 12 | JB1: 12 | JC1: 12 | JD1: 12 | JE1: 12 | JF1: 12 | JG1: 12 | JH1: 12 | JI1: 12 | JJ1: 12 | JK1: 12 | JL1: 12 | JM1: 12 | JN1: 12 | JO1: 12 | JP1: 12 | JQ1: 12 | JR1: 12 | JS1: 12 | JT1: 12 | JU1: 12 | JV1: 12 | JW1: 12 | JX1: 12 | JY1: 12 | JZ1: 12 | KA1: 12 | KB1: 12 | KC1: 12 | KD1: 6 | KE1: 6 | KF1: 6 | KG1: 6 | KH1: 6 | KI1: 6 | KJ1: 6 | KK1: 6 | KL1: 6 | KM1: 6 | KN1: 6 | KO1: 6 | KP1: 6 | KQ1: 6 | KR1: 6 | KS1: 6 | KT1: 6 | KU1: 6 | KV1: 6 | KW1: 6 | KX1: 6 | KY1: 6 | KZ1: 6 | LA1: 6 | LB1: 6 | LC1: 6 | LD1: 6 | LE1: 6 | LF1: 6 | LG1: 6 | LH1: 6 | LI1: 6 | LJ1: 6 | LK1: 6 | LL1: 6 | LM1: 6 | LN1: 12 | LO1: 12 | LP1: 12 | LQ1: 12 | LR1: 12 | LS1: 12 | LT1: 12 | LU1: 12 | LV1: 12 | LW1: 12 | LX1: 12 | LY1: 12 | LZ1: 12 | MA1: 12 | MB1: 12 | MC1: 12 | MD1: 12 | ME1: 12 | MF1: 12 | MG1: 12 | MH1: 12 | MI1: 12 | MJ1: 12 | MK1: 12 | ML1: 12 | MM1: 12 | MN1: 12 | MO1: 12 | MP1: 12 | MQ1: 12 | MR1: 12 | MS1: 12 | MT1: 12 | MU1: 12 | MV1: 12 | MW1: 12
B2: 2 | C2: 2 | D2: 2 | E2: 2 | F2: 2 | G2: 2 | H2: 2 | I2: 2 | J2: 2 | K2: 2 | L2: 2 | M2: 2 | N2: 4 | O2: 4 | P2: 4 | Q2: 4 | R2: 4 | S2: 4 | T2: 4 | U2: 4 | V2: 4 | W2: 4 | X2: 4 | Y2: 4 | Z2: 6 | AA2: 6 | AB2: 6 | AC2: 6 | AD2: 6 | AE2: 6 | AF2: 6 | AG2: 6 | AH2: 6 | AI2: 6 | AJ2: 6 | AK2: 6 | AL2: 2 | AM2: 2 | AN2: 2 | AO2: 2 | AP2: 2 | AQ2: 2 | AR2: 2 | AS2: 2 | AT2: 2 | AU2: 2 | AV2: 2 | AW2: 2 | AX2: 4 | AY2: 4 | AZ2: 4 | BA2: 4 | BB2: 4 | BC2: 4 | BD2: 4 | BE2: 4 | BF2: 4 | BG2: 4 | BH2: 4 | BI2: 4 | BJ2: 6 | BK2: 6 | BL2: 6 | BM2: 6 | BN2: 6 | BO2: 6 | BP2: 6 | BQ2: 6 | BR2: 6 | BS2: 6 | BT2: 6 | BU2: 6 | BV2: 2 | BW2: 2 | BX2: 2 | BY2: 2 | BZ2: 2 | CA2: 2 | CB2: 2 | CC2: 2 | CD2: 2 | CE2: 2 | CF2: 2 | CG2: 2 | CH2: 4 | CI2: 4 | CJ2: 4 | CK2: 4 | CL2: 4 | CM2: 4 | CN2: 4 | CO2: 4 | CP2: 4 | CQ2: 4 | CR2: 4 | CS2: 4 | CT2: 6 | CU2: 6 | CV2: 6 | CW2: 6 | CX2: 6 | CY2: 6 | CZ2: 6 | DA2: 6 | DB2: 6 | DC2: 6 | DD2: 6 | DE2: 6 | DF2: 2 | DG2: 2 | DH2: 2 | DI2: 2 | DJ2: 2 | DK2: 2 | DL2: 2 | DM2: 2 | DN2: 2 | DO2: 2 | DP2: 2 | DQ2: 2 | DR2: 4 | DS2: 4 | DT2: 4 | DU2: 4 | DV2: 4 | DW2: 4 | DX2: 4 | DY2: 4 | DZ2: 4 | EA2: 4 | EB2: 4 | EC2: 4 | ED2: 6 | EE2: 6 | EF2: 6 | EG2: 6 | EH2: 6 | EI2: 6 | EJ2: 6 | EK2: 6 | EL2: 6 | EM2: 6 | EN2: 6 | EO2: 6 | EP2: 2 | EQ2: 2 | ER2: 2 | ES2: 2 | ET2: 2 | EU2: 2 | EV2: 2 | EW2: 2 | EX2: 2 | EY2: 2 | EZ2: 2 | FA2: 2 | FB2: 4 | FC2: 4 | FD2: 4 | FE2: 4 | FF2: 4 | FG2: 4 | FH2: 4 | FI2: 4 | FJ2: 4 | FK2: 4 | FL2: 4 | FM2: 4 | FN2: 6 | FO2: 6 | FP2: 6 | FQ2: 6 | FR2: 6 | FS2: 6 | FT2: 6 | FU2: 6 | FV2: 6 | FW2: 6 | FX2: 6 | FY2: 6 | FZ2: 2 | GA2: 2 | GB2: 2 | GC2: 2 | GD2: 2 | GE2: 2 | GF2: 2 | GG2: 2 | GH2: 2 | GI2: 2 | GJ2: 2 | GK2: 2 | GL2: 4 | GM2: 4 | GN2: 4 | GO2: 4 | GP2: 4 | GQ2: 4 | GR2: 4 | GS2: 4 | GT2: 4 | GU2: 4 | GV2: 4 | GW2: 4 | GX2: 6 | GY2: 6 | GZ2: 6 | HA2: 6 | HB2: 6 | HC2: 6 | HD2: 6 | HE2: 6 | HF2: 6 | HG2: 6 | HH2: 6 | HI2: 6 | HJ2: 2 | HK2: 2 | HL2: 2 | HM2: 2 | HN2: 2 | HO2: 2 | HP2: 2 | HQ2: 2 | HR2: 2 | HS2: 2 | HT2: 2 | HU2: 2 | HV2: 4 | HW2: 4 | HX2: 4 | HY2: 4 | HZ2: 4 | IA2: 4 | IB2: 4 | IC2: 4 | ID2: 4 | IE2: 4 | IF2: 4 | IG2: 4 | IH2: 6 | II2: 6 | IJ2: 6 | IK2: 6 | IL2: 6 | IM2: 6 | IN2: 6 | IO2: 6 | IP2: 6 | IQ2: 6 | IR2: 6 | IS2: 6 | IT2: 2 | IU2: 2 | IV2: 2 | IW2: 2 | IX2: 2 | IY2: 2 | IZ2: 2 | JA2: 2 | JB2: 2 | JC2: 2 | JD2: 2 | JE2: 2 | JF2: 4 | JG2: 4 | JH2: 4 | JI2: 4 | JJ2: 4 | JK2: 4 | JL2: 4 | JM2: 4 | JN2: 4 | JO2: 4 | JP2: 4 | JQ2: 4 | JR2: 6 | JS2: 6 | JT2: 6 | JU2: 6 | JV2: 6 | JW2: 6 | JX2: 6 | JY2: 6 | JZ2: 6 | KA2: 6 | KB2: 6 | KC2: 6 | KD2: 2 | KE2: 2 | KF2: 2 | KG2: 2 | KH2: 2 | KI2: 2 | KJ2: 2 | KK2: 2 | KL2: 2 | KM2: 2 | KN2: 2 | KO2: 2 | KP2: 4 | KQ2: 4 | KR2: 4 | KS2: 4 | KT2: 4 | KU2: 4 | KV2: 4 | KW2: 4 | KX2: 4 | KY2: 4 | KZ2: 4 | LA2: 4 | LB2: 6 | LC2: 6 | LD2: 6 | LE2: 6 | LF2: 6 | LG2: 6 | LH2: 6 | LI2: 6 | LJ2: 6 | LK2: 6 | LL2: 6 | LM2: 6 | LN2: 2 | LO2: 2 | LP2: 2 | LQ2: 2 | LR2: 2 | LS2: 2 | LT2: 2 | LU2: 2 | LV2: 2 | LW2: 2 | LX2: 2 | LY2: 2 | LZ2: 4 | MA2: 4 | MB2: 4 | MC2: 4 | MD2: 4 | ME2: 4 | MF2: 4 | MG2: 4 | MH2: 4 | MI2: 4 | MJ2: 4 | MK2: 4 | ML2: 6 | MM2: 6 | MN2: 6 | MO2: 6 | MP2: 6 | MQ2: 6 | MR2: 6 | MS2: 6 | MT2: 6 | MU2: 6 | MV2: 6 | MW2: 6
B3: 1 to 3 | C3: 1 to 3 | D3: 1 to 3 | E3: 1 to 3 | F3: 1 to 3 | G3: 1 to 3 | H3: 4 to 6 | I3: 4 to 6 | J3: 4 to 6 | K3: 4 to 6 | L3: 4 to 6 | M3: 4 to 6 | N3: 1 to 3 | O3: 1 to 3 | P3: 1 to 3 | Q3: 1 to 3 | R3: 1 to 3 | S3: 1 to 3 | T3: 4 to 6 | U3: 4 to 6 | V3: 4 to 6 | W3: 4 to 6 | X3: 4 to 6 | Y3: 4 to 6 | Z3: 1 to 3 | AA3: 1 to 3 | AB3: 1 to 3 | AC3: 1 to 3 | AD3: 1 to 3 | AE3: 1 to 3 | AF3: 4 to 6 | AG3: 4 to 6 | AH3: 4 to 6 | AI3: 4 to 6 | AJ3: 4 to 6 | AK3: 4 to 6 | AL3: 1 to 3 | AM3: 1 to 3 | AN3: 1 to 3 | AO3: 1 to 3 | AP3: 1 to 3 | AQ3: 1 to 3 | AR3: 4 to 6 | AS3: 4 to 6 | AT3: 4 to 6 | AU3: 4 to 6 | AV3: 4 to 6 | AW3: 4 to 6 | AX3: 1 to 3 | AY3: 1 to 3 | AZ3: 1 to 3 | BA3: 1 to 3 | BB3: 1 to 3 | BC3: 1 to 3 | BD3: 4 to 6 | BE3: 4 to 6 | BF3: 4 to 6 | BG3: 4 to 6 | BH3: 4 to 6 | BI3: 4 to 6 | BJ3: 1 to 3 | BK3: 1 to 3 | BL3: 1 to 3 | BM3: 1 to 3 | BN3: 1 to 3 | BO3: 1 to 3 | BP3: 4 to 6 | BQ3: 4 to 6 | BR3: 4 to 6 | BS3: 4 to 6 | BT3: 4 to 6 | BU3: 4 to 6 | BV3: 1 to 3 | BW3: 1 to 3 | BX3: 1 to 3 | BY3: 1 to 3 | BZ3: 1 to 3 | CA3: 1 to 3 | CB3: 4 to 6 | CC3: 4 to 6 | CD3: 4 to 6 | CE3: 4 to 6 | CF3: 4 to 6 | CG3: 4 to 6 | CH3: 1 to 3 | CI3: 1 to 3 | CJ3: 1 to 3 | CK3: 1 to 3 | CL3: 1 to 3 | CM3: 1 to 3 | CN3: 4 to 6 | CO3: 4 to 6 | CP3: 4 to 6 | CQ3: 4 to 6 | CR3: 4 to 6 | CS3: 4 to 6 | CT3: 1 to 3 | CU3: 1 to 3 | CV3: 1 to 3 | CW3: 1 to 3 | CX3: 1 to 3 | CY3: 1 to 3 | CZ3: 4 to 6 | DA3: 4 to 6 | DB3: 4 to 6 | DC3: 4 to 6 | DD3: 4 to 6 | DE3: 4 to 6 | DF3: 1 to 3 | DG3: 1 to 3 | DH3: 1 to 3 | DI3: 1 to 3 | DJ3: 1 to 3 | DK3: 1 to 3 | DL3: 4 to 6 | DM3: 4 to 6 | DN3: 4 to 6 | DO3: 4 to 6 | DP3: 4 to 6 | DQ3: 4 to 6 | DR3: 1 to 3 | DS3: 1 to 3 | DT3: 1 to 3 | DU3: 1 to 3 | DV3: 1 to 3 | DW3: 1 to 3 | DX3: 4 to 6 | DY3: 4 to 6 | DZ3: 4 to 6 | EA3: 4 to 6 | EB3: 4 to 6 | EC3: 4 to 6 | ED3: 1 to 3 | EE3: 1 to 3 | EF3: 1 to 3 | EG3: 1 to 3 | EH3: 1 to 3 | EI3: 1 to 3 | EJ3: 4 to 6 | EK3: 4 to 6 | EL3: 4 to 6 | EM3: 4 to 6 | EN3: 4 to 6 | EO3: 4 to 6 | EP3: 1 to 3 | EQ3: 1 to 3 | ER3: 1 to 3 | ES3: 1 to 3 | ET3: 1 to 3 | EU3: 1 to 3 | EV3: 4 to 6 | EW3: 4 to 6 | EX3: 4 to 6 | EY3: 4 to 6 | EZ3: 4 to 6 | FA3: 4 to 6 | FB3: 1 to 3 | FC3: 1 to 3 | FD3: 1 to 3 | FE3: 1 to 3 | FF3: 1 to 3 | FG3: 1 to 3 | FH3: 4 to 6 | FI3: 4 to 6 | FJ3: 4 to 6 | FK3: 4 to 6 | FL3: 4 to 6 | FM3: 4 to 6 | FN3: 1 to 3 | FO3: 1 to 3 | FP3: 1 to 3 | FQ3: 1 to 3 | FR3: 1 to 3 | FS3: 1 to 3 | FT3: 4 to 6 | FU3: 4 to 6 | FV3: 4 to 6 | FW3: 4 to 6 | FX3: 4 to 6 | FY3: 4 to 6 | FZ3: 1 to 3 | GA3: 1 to 3 | GB3: 1 to 3 | GC3: 1 to 3 | GD3: 1 to 3 | GE3: 1 to 3 | GF3: 4 to 6 | GG3: 4 to 6 | GH3: 4 to 6 | GI3: 4 to 6 | GJ3: 4 to 6 | GK3: 4 to 6 | GL3: 1 to 3 | GM3: 1 to 3 | GN3: 1 to 3 | GO3: 1 to 3 | GP3: 1 to 3 | GQ3: 1 to 3 | GR3: 4 to 6 | GS3: 4 to 6 | GT3: 4 to 6 | GU3: 4 to 6 | GV3: 4 to 6 | GW3: 4 to 6 | GX3: 1 to 3 | GY3: 1 to 3 | GZ3: 1 to 3 | HA3: 1 to 3 | HB3: 1 to 3 | HC3: 1 to 3 | HD3: 4 to 6 | HE3: 4 to 6 | HF3: 4 to 6 | HG3: 4 to 6 | HH3: 4 to 6 | HI3: 4 to 6 | HJ3: 1 to 3 | HK3: 1 to 3 | HL3: 1 to 3 | HM3: 1 to 3 | HN3: 1 to 3 | HO3: 1 to 3 | HP3: 4 to 6 | HQ3: 4 to 6 | HR3: 4 to 6 | HS3: 4 to 6 | HT3: 4 to 6 | HU3: 4 to 6 | HV3: 1 to 3 | HW3: 1 to 3 | HX3: 1 to 3 | HY3: 1 to 3 | HZ3: 1 to 3 | IA3: 1 to 3 | IB3: 4 to 6 | IC3: 4 to 6 | ID3: 4 to 6 | IE3: 4 to 6 | IF3: 4 to 6 | IG3: 4 to 6 | IH3: 1 to 3 | II3: 1 to 3 | IJ3: 1 to 3 | IK3: 1 to 3 | IL3: 1 to 3 | IM3: 1 to 3 | IN3: 4 to 6 | IO3: 4 to 6 | IP3: 4 to 6 | IQ3: 4 to 6 | IR3: 4 to 6 | IS3: 4 to 6 | IT3: 1 to 3 | IU3: 1 to 3 | IV3: 1 to 3 | IW3: 1 to 3 | IX3: 1 to 3 | IY3: 1 to 3 | IZ3: 4 to 6 | JA3: 4 to 6 | JB3: 4 to 6 | JC3: 4 to 6 | JD3: 4 to 6 | JE3: 4 to 6 | JF3: 1 to 3 | JG3: 1 to 3 | JH3: 1 to 3 | JI3: 1 to 3 | JJ3: 1 to 3 | JK3: 1 to 3 | JL3: 4 to 6 | JM3: 4 to 6 | JN3: 4 to 6 | JO3: 4 to 6 | JP3: 4 to 6 | JQ3: 4 to 6 | JR3: 1 to 3 | JS3: 1 to 3 | JT3: 1 to 3 | JU3: 1 to 3 | JV3: 1 to 3 | JW3: 1 to 3 | JX3: 4 to 6 | JY3: 4 to 6 | JZ3: 4 to 6 | KA3: 4 to 6 | KB3: 4 to 6 | KC3: 4 to 6 | KD3: 1 to 3 | KE3: 1 to 3 | KF3: 1 to 3 | KG3: 1 to 3 | KH3: 1 to 3 | KI3: 1 to 3 | KJ3: 4 to 6 | KK3: 4 to 6 | KL3: 4 to 6 | KM3: 4 to 6 | KN3: 4 to 6 | KO3: 4 to 6 | KP3: 1 to 3 | KQ3: 1 to 3 | KR3: 1 to 3 | KS3: 1 to 3 | KT3: 1 to 3 | KU3: 1 to 3 | KV3: 4 to 6 | KW3: 4 to 6 | KX3: 4 to 6 | KY3: 4 to 6 | KZ3: 4 to 6 | LA3: 4 to 6 | LB3: 1 to 3 | LC3: 1 to 3 | LD3: 1 to 3 | LE3: 1 to 3 | LF3: 1 to 3 | LG3: 1 to 3 | LH3: 4 to 6 | LI3: 4 to 6 | LJ3: 4 to 6 | LK3: 4 to 6 | LL3: 4 to 6 | LM3: 4 to 6 | LN3: 1 to 3 | LO3: 1 to 3 | LP3: 1 to 3 | LQ3: 1 to 3 | LR3: 1 to 3 | LS3: 1 to 3 | LT3: 4 to 6 | LU3: 4 to 6 | LV3: 4 to 6 | LW3: 4 to 6 | LX3: 4 to 6 | LY3: 4 to 6 | LZ3: 1 to 3 | MA3: 1 to 3 | MB3: 1 to 3 | MC3: 1 to 3 | MD3: 1 to 3 | ME3: 1 to 3 | MF3: 4 to 6 | MG3: 4 to 6 | MH3: 4 to 6 | MI3: 4 to 6 | MJ3: 4 to 6 | MK3: 4 to 6 | ML3: 1 to 3 | MM3: 1 to 3 | MN3: 1 to 3 | MO3: 1 to 3 | MP3: 1 to 3 | MQ3: 1 to 3 | MR3: 4 to 6 | MS3: 4 to 6 | MT3: 4 to 6 | MU3: 4 to 6 | MV3: 4 to 6 | MW3: 4 to 6
B4: 0.4 | C4: 0.4 | D4: 0.7 | E4: 0.7 | F4: 0.9 | G4: 0.9 | H4: 0.4 | I4: 0.4 | J4: 0.7 | K4: 0.7 | L4: 0.9 | M4: 0.9 | N4: 0.4 | O4: 0.4 | P4: 0.7 | Q4: 0.7 | R4: 0.9 | S4: 0.9 | T4: 0.4 | U4: 0.4 | V4: 0.7 | W4: 0.7 | X4: 0.9 | Y4: 0.9 | Z4: 0.4 | AA4: 0.4 | AB4: 0.7 | AC4: 0.7 | AD4: 0.9 | AE4: 0.9 | AF4: 0.4 | AG4: 0.4 | AH4: 0.7 | AI4: 0.7 | AJ4: 0.9 | AK4: 0.9 | AL4: 0.4 | AM4: 0.4 | AN4: 0.7 | AO4: 0.7 | AP4: 0.9 | AQ4: 0.9 | AR4: 0.4 | AS4: 0.4 | AT4: 0.7 | AU4: 0.7 | AV4: 0.9 | AW4: 0.9 | AX4: 0.4 | AY4: 0.4 | AZ4: 0.7 | BA4: 0.7 | BB4: 0.9 | BC4: 0.9 | BD4: 0.4 | BE4: 0.4 | BF4: 0.7 | BG4: 0.7 | BH4: 0.9 | BI4: 0.9 | BJ4: 0.4 | BK4: 0.4 | BL4: 0.7 | BM4: 0.7 | BN4: 0.9 | BO4: 0.9 | BP4: 0.4 | BQ4: 0.4 | BR4: 0.7 | BS4: 0.7 | BT4: 0.9 | BU4: 0.9 | BV4: 0.4 | BW4: 0.4 | BX4: 0.7 | BY4: 0.7 | BZ4: 0.9 | CA4: 0.9 | CB4: 0.4 | CC4: 0.4 | CD4: 0.7 | CE4: 0.7 | CF4: 0.9 | CG4: 0.9 | CH4: 0.4 | CI4: 0.4 | CJ4: 0.7 | CK4: 0.7 | CL4: 0.9 | CM4: 0.9 | CN4: 0.4 | CO4: 0.4 | CP4: 0.7 | CQ4: 0.7 | CR4: 0.9 | CS4: 0.9 | CT4: 0.4 | CU4: 0.4 | CV4: 0.7 | CW4: 0.7 | CX4: 0.9 | CY4: 0.9 | CZ4: 0.4 | DA4: 0.4 | DB4: 0.7 | DC4: 0.7 | DD4: 0.9 | DE4: 0.9 | DF4: 0.4 | DG4: 0.4 | DH4: 0.7 | DI4: 0.7 | DJ4: 0.9 | DK4: 0.9 | DL4: 0.4 | DM4: 0.4 | DN4: 0.7 | DO4: 0.7 | DP4: 0.9 | DQ4: 0.9 | DR4: 0.4 | DS4: 0.4 | DT4: 0.7 | DU4: 0.7 | DV4: 0.9 | DW4: 0.9 | DX4: 0.4 | DY4: 0.4 | DZ4: 0.7 | EA4: 0.7 | EB4: 0.9 | EC4: 0.9 | ED4: 0.4 | EE4: 0.4 | EF4: 0.7 | EG4: 0.7 | EH4: 0.9 | EI4: 0.9 | EJ4: 0.4 | EK4: 0.4 | EL4: 0.7 | EM4: 0.7 | EN4: 0.9 | EO4: 0.9 | EP4: 0.4 | EQ4: 0.4 | ER4: 0.7 | ES4: 0.7 | ET4: 0.9 | EU4: 0.9 | EV4: 0.4 | EW4: 0.4 | EX4: 0.7 | EY4: 0.7 | EZ4: 0.9 | FA4: 0.9 | FB4: 0.4 | FC4: 0.4 | FD4: 0.7 | FE4: 0.7 | FF4: 0.9 | FG4: 0.9 | FH4: 0.4 | FI4: 0.4 | FJ4: 0.7 | FK4: 0.7 | FL4: 0.9 | FM4: 0.9 | FN4: 0.4 | FO4: 0.4 | FP4: 0.7 | FQ4: 0.7 | FR4: 0.9 | FS4: 0.9 | FT4: 0.4 | FU4: 0.4 | FV4: 0.7 | FW4: 0.7 | FX4: 0.9 | FY4: 0.9 | FZ4: 0.4 | GA4: 0.4 | GB4: 0.7 | GC4: 0.7 | GD4: 0.9 | GE4: 0.9 | GF4: 0.4 | GG4: 0.4 | GH4: 0.7 | GI4: 0.7 | GJ4: 0.9 | GK4: 0.9 | GL4: 0.4 | GM4: 0.4 | GN4: 0.7 | GO4: 0.7 | GP4: 0.9 | GQ4: 0.9 | GR4: 0.4 | GS4: 0.4 | GT4: 0.7 | GU4: 0.7 | GV4: 0.9 | GW4: 0.9 | GX4: 0.4 | GY4: 0.4 | GZ4: 0.7 | HA4: 0.7 | HB4: 0.9 | HC4: 0.9 | HD4: 0.4 | HE4: 0.4 | HF4: 0.7 | HG4: 0.7 | HH4: 0.9 | HI4: 0.9 | HJ4: 0.4 | HK4: 0.4 | HL4: 0.7 | HM4: 0.7 | HN4: 0.9 | HO4: 0.9 | HP4: 0.4 | HQ4: 0.4 | HR4: 0.7 | HS4: 0.7 | HT4: 0.9 | HU4: 0.9 | HV4: 0.4 | HW4: 0.4 | HX4: 0.7 | HY4: 0.7 | HZ4: 0.9 | IA4: 0.9 | IB4: 0.4 | IC4: 0.4 | ID4: 0.7 | IE4: 0.7 | IF4: 0.9 | IG4: 0.9 | IH4: 0.4 | II4: 0.4 | IJ4: 0.7 | IK4: 0.7 | IL4: 0.9 | IM4: 0.9 | IN4: 0.4 | IO4: 0.4 | IP4: 0.7 | IQ4: 0.7 | IR4: 0.9 | IS4: 0.9 | IT4: 0.4 | IU4: 0.4 | IV4: 0.7 | IW4: 0.7 | IX4: 0.9 | IY4: 0.9 | IZ4: 0.4 | JA4: 0.4 | JB4: 0.7 | JC4: 0.7 | JD4: 0.9 | JE4: 0.9 | JF4: 0.4 | JG4: 0.4 | JH4: 0.7 | JI4: 0.7 | JJ4: 0.9 | JK4: 0.9 | JL4: 0.4 | JM4: 0.4 | JN4: 0.7 | JO4: 0.7 | JP4: 0.9 | JQ4: 0.9 | JR4: 0.4 | JS4: 0.4 | JT4: 0.7 | JU4: 0.7 | JV4: 0.9 | JW4: 0.9 | JX4: 0.4 | JY4: 0.4 | JZ4: 0.7 | KA4: 0.7 | KB4: 0.9 | KC4: 0.9 | KD4: 0.4 | KE4: 0.4 | KF4: 0.7 | KG4: 0.7 | KH4: 0.9 | KI4: 0.9 | KJ4: 0.4 | KK4: 0.4 | KL4: 0.7 | KM4: 0.7 | KN4: 0.9 | KO4: 0.9 | KP4: 0.4 | KQ4: 0.4 | KR4: 0.7 | KS4: 0.7 | KT4: 0.9 | KU4: 0.9 | KV4: 0.4 | KW4: 0.4 | KX4: 0.7 | KY4: 0.7 | KZ4: 0.9 | LA4: 0.9 | LB4: 0.4 | LC4: 0.4 | LD4: 0.7 | LE4: 0.7 | LF4: 0.9 | LG4: 0.9 | LH4: 0.4 | LI4: 0.4 | LJ4: 0.7 | LK4: 0.7 | LL4: 0.9 | LM4: 0.9 | LN4: 0.4 | LO4: 0.4 | LP4: 0.7 | LQ4: 0.7 | LR4: 0.9 | LS4: 0.9 | LT4: 0.4 | LU4: 0.4 | LV4: 0.7 | LW4: 0.7 | LX4: 0.9 | LY4: 0.9 | LZ4: 0.4 | MA4: 0.4 | MB4: 0.7 | MC4: 0.7 | MD4: 0.9 | ME4: 0.9 | MF4: 0.4 | MG4: 0.4 | MH4: 0.7 | MI4: 0.7 | MJ4: 0.9 | MK4: 0.9 | ML4: 0.4 | MM4: 0.4 | MN4: 0.7 | MO4: 0.7 | MP4: 0.9 | MQ4: 0.9 | MR4: 0.4 | MS4: 0.4 | MT4: 0.7 | MU4: 0.7 | MV4: 0.9 | MW4: 0.9
B5: 0.95 to 1.05 | C5: 0.75 to 1.25 | D5: 0.95 to 1.05 | E5: 0.75 to 1.25 | F5: 0.95 to 1.05 | G5: 0.75 to 1.25 | H5: 0.95 to 1.05 | I5: 0.75 to 1.25 | J5: 0.95 to 1.05 | K5: 0.75 to 1.25 | L5: 0.95 to 1.05 | M5: 0.75 to 1.25 | N5: 0.95 to 1.05 | O5: 0.75 to 1.25 | P5: 0.95 to 1.05 | Q5: 0.75 to 1.25 | R5: 0.95 to 1.05 | S5: 0.75 to 1.25 | T5: 0.95 to 1.05 | U5: 0.75 to 1.25 | V5: 0.95 to 1.05 | W5: 0.75 to 1.25 | X5: 0.95 to 1.05 | Y5: 0.75 to 1.25 | Z5: 0.95 to 1.05 | AA5: 0.75 to 1.25 | AB5: 0.95 to 1.05 | AC5: 0.75 to 1.25 | AD5: 0.95 to 1.05 | AE5: 0.75 to 1.25 | AF5: 0.95 to 1.05 | AG5: 0.75 to 1.25 | AH5: 0.95 to 1.05 | AI5: 0.75 to 1.25 | AJ5: 0.95 to 1.05 | AK5: 0.75 to 1.25 | AL5: 0.95 to 1.05 | AM5: 0.75 to 1.25 | AN5: 0.95 to 1.05 | AO5: 0.75 to 1.25 | AP5: 0.95 to 1.05 | AQ5: 0.75 to 1.25 | AR5: 0.95 to 1.05 | AS5: 0.75 to 1.25 | AT5: 0.95 to 1.05 | AU5: 0.75 to 1.25 | AV5: 0.95 to 1.05 | AW5: 0.75 to 1.25 | AX5: 0.95 to 1.05 | AY5: 0.75 to 1.25 | AZ5: 0.95 to 1.05 | BA5: 0.75 to 1.25 | BB5: 0.95 to 1.05 | BC5: 0.75 to 1.25 | BD5: 0.95 to 1.05 | BE5: 0.75 to 1.25 | BF5: 0.95 to 1.05 | BG5: 0.75 to 1.25 | BH5: 0.95 to 1.05 | BI5: 0.75 to 1.25 | BJ5: 0.95 to 1.05 | BK5: 0.75 to 1.25 | BL5: 0.95 to 1.05 | BM5: 0.75 to 1.25 | BN5: 0.95 to 1.05 | BO5: 0.75 to 1.25 | BP5: 0.95 to 1.05 | BQ5: 0.75 to 1.25 | BR5: 0.95 to 1.05 | BS5: 0.75 to 1.25 | BT5: 0.95 to 1.05 | BU5: 0.75 to 1.25 | BV5: 0.95 to 1.05 | BW5: 0.75 to 1.25 | BX5: 0.95 to 1.05 | BY5: 0.75 to 1.25 | BZ5: 0.95 to 1.05 | CA5: 0.75 to 1.25 | CB5: 0.95 to 1.05 | CC5: 0.75 to 1.25 | CD5: 0.95 to 1.05 | CE5: 0.75 to 1.25 | CF5: 0.95 to 1.05 | CG5: 0.75 to 1.25 | CH5: 0.95 to 1.05 | CI5: 0.75 to 1.25 | CJ5: 0.95 to 1.05 | CK5: 0.75 to 1.25 | CL5: 0.95 to 1.05 | CM5: 0.75 to 1.25 | CN5: 0.95 to 1.05 | CO5: 0.75 to 1.25 | CP5: 0.95 to 1.05 | CQ5: 0.75 to 1.25 | CR5: 0.95 to 1.05 | CS5: 0.75 to 1.25 | CT5: 0.95 to 1.05 | CU5: 0.75 to 1.25 | CV5: 0.95 to 1.05 | CW5: 0.75 to 1.25 | CX5: 0.95 to 1.05 | CY5: 0.75 to 1.25 | CZ5: 0.95 to 1.05 | DA5: 0.75 to 1.25 | DB5: 0.95 to 1.05 | DC5: 0.75 to 1.25 | DD5: 0.95 to 1.05 | DE5: 0.75 to 1.25 | DF5: 0.95 to 1.05 | DG5: 0.75 to 1.25 | DH5: 0.95 to 1.05 | DI5: 0.75 to 1.25 | DJ5: 0.95 to 1.05 | DK5: 0.75 to 1.25 | DL5: 0.95 to 1.05 | DM5: 0.75 to 1.25 | DN5: 0.95 to 1.05 | DO5: 0.75 to 1.25 | DP5: 0.95 to 1.05 | DQ5: 0.75 to 1.25 | DR5: 0.95 to 1.05 | DS5: 0.75 to 1.25 | DT5: 0.95 to 1.05 | DU5: 0.75 to 1.25 | DV5: 0.95 to 1.05 | DW5: 0.75 to 1.25 | DX5: 0.95 to 1.05 | DY5: 0.75 to 1.25 | DZ5: 0.95 to 1.05 | EA5: 0.75 to 1.25 | EB5: 0.95 to 1.05 | EC5: 0.75 to 1.25 | ED5: 0.95 to 1.05 | EE5: 0.75 to 1.25 | EF5: 0.95 to 1.05 | EG5: 0.75 to 1.25 | EH5: 0.95 to 1.05 | EI5: 0.75 to 1.25 | EJ5: 0.95 to 1.05 | EK5: 0.75 to 1.25 | EL5: 0.95 to 1.05 | EM5: 0.75 to 1.25 | EN5: 0.95 to 1.05 | EO5: 0.75 to 1.25 | EP5: 0.95 to 1.05 | EQ5: 0.75 to 1.25 | ER5: 0.95 to 1.05 | ES5: 0.75 to 1.25 | ET5: 0.95 to 1.05 | EU5: 0.75 to 1.25 | EV5: 0.95 to 1.05 | EW5: 0.75 to 1.25 | EX5: 0.95 to 1.05 | EY5: 0.75 to 1.25 | EZ5: 0.95 to 1.05 | FA5: 0.75 to 1.25 | FB5: 0.95 to 1.05 | FC5: 0.75 to 1.25 | FD5: 0.95 to 1.05 | FE5: 0.75 to 1.25 | FF5: 0.95 to 1.05 | FG5: 0.75 to 1.25 | FH5: 0.95 to 1.05 | FI5: 0.75 to 1.25 | FJ5: 0.95 to 1.05 | FK5: 0.75 to 1.25 | FL5: 0.95 to 1.05 | FM5: 0.75 to 1.25 | FN5: 0.95 to 1.05 | FO5: 0.75 to 1.25 | FP5: 0.95 to 1.05 | FQ5: 0.75 to 1.25 | FR5: 0.95 to 1.05 | FS5: 0.75 to 1.25 | FT5: 0.95 to 1.05 | FU5: 0.75 to 1.25 | FV5: 0.95 to 1.05 | FW5: 0.75 to 1.25 | FX5: 0.95 to 1.05 | FY5: 0.75 to 1.25 | FZ5: 0.95 to 1.05 | GA5: 0.75 to 1.25 | GB5: 0.95 to 1.05 | GC5: 0.75 to 1.25 | GD5: 0.95 to 1.05 | GE5: 0.75 to 1.25 | GF5: 0.95 to 1.05 | GG5: 0.75 to 1.25 | GH5: 0.95 to 1.05 | GI5: 0.75 to 1.25 | GJ5: 0.95 to 1.05 | GK5: 0.75 to 1.25 | GL5: 0.95 to 1.05 | GM5: 0.75 to 1.25 | GN5: 0.95 to 1.05 | GO5: 0.75 to 1.25 | GP5: 0.95 to 1.05 | GQ5: 0.75 to 1.25 | GR5: 0.95 to 1.05 | GS5: 0.75 to 1.25 | GT5: 0.95 to 1.05 | GU5: 0.75 to 1.25 | GV5: 0.95 to 1.05 | GW5: 0.75 to 1.25 | GX5: 0.95 to 1.05 | GY5: 0.75 to 1.25 | GZ5: 0.95 to 1.05 | HA5: 0.75 to 1.25 | HB5: 0.95 to 1.05 | HC5: 0.75 to 1.25 | HD5: 0.95 to 1.05 | HE5: 0.75 to 1.25 | HF5: 0.95 to 1.05 | HG5: 0.75 to 1.25 | HH5: 0.95 to 1.05 | HI5: 0.75 to 1.25 | HJ5: 0.95 to 1.05 | HK5: 0.75 to 1.25 | HL5: 0.95 to 1.05 | HM5: 0.75 to 1.25 | HN5: 0.95 to 1.05 | HO5: 0.75 to 1.25 | HP5: 0.95 to 1.05 | HQ5: 0.75 to 1.25 | HR5: 0.95 to 1.05 | HS5: 0.75 to 1.25 | HT5: 0.95 to 1.05 | HU5: 0.75 to 1.25 | HV5: 0.95 to 1.05 | HW5: 0.75 to 1.25 | HX5: 0.95 to 1.05 | HY5: 0.75 to 1.25 | HZ5: 0.95 to 1.05 | IA5: 0.75 to 1.25 | IB5: 0.95 to 1.05 | IC5: 0.75 to 1.25 | ID5: 0.95 to 1.05 | IE5: 0.75 to 1.25 | IF5: 0.95 to 1.05 | IG5: 0.75 to 1.25 | IH5: 0.95 to 1.05 | II5: 0.75 to 1.25 | IJ5: 0.95 to 1.05 | IK5: 0.75 to 1.25 | IL5: 0.95 to 1.05 | IM5: 0.75 to 1.25 | IN5: 0.95 to 1.05 | IO5: 0.75 to 1.25 | IP5: 0.95 to 1.05 | IQ5: 0.75 to 1.25 | IR5: 0.95 to 1.05 | IS5: 0.75 to 1.25 | IT5: 0.95 to 1.05 | IU5: 0.75 to 1.25 | IV5: 0.95 to 1.05 | IW5: 0.75 to 1.25 | IX5: 0.95 to 1.05 | IY5: 0.75 to 1.25 | IZ5: 0.95 to 1.05 | JA5: 0.75 to 1.25 | JB5: 0.95 to 1.05 | JC5: 0.75 to 1.25 | JD5: 0.95 to 1.05 | JE5: 0.75 to 1.25 | JF5: 0.95 to 1.05 | JG5: 0.75 to 1.25 | JH5: 0.95 to 1.05 | JI5: 0.75 to 1.25 | JJ5: 0.95 to 1.05 | JK5: 0.75 to 1.25 | JL5: 0.95 to 1.05 | JM5: 0.75 to 1.25 | JN5: 0.95 to 1.05 | JO5: 0.75 to 1.25 | JP5: 0.95 to 1.05 | JQ5: 0.75 to 1.25 | JR5: 0.95 to 1.05 | JS5: 0.75 to 1.25 | JT5: 0.95 to 1.05 | JU5: 0.75 to 1.25 | JV5: 0.95 to 1.05 | JW5: 0.75 to 1.25 | JX5: 0.95 to 1.05 | JY5: 0.75 to 1.25 | JZ5: 0.95 to 1.05 | KA5: 0.75 to 1.25 | KB5: 0.95 to 1.05 | KC5: 0.75 to 1.25 | KD5: 0.95 to 1.05 | KE5: 0.75 to 1.25 | KF5: 0.95 to 1.05 | KG5: 0.75 to 1.25 | KH5: 0.95 to 1.05 | KI5: 0.75 to 1.25 | KJ5: 0.95 to 1.05 | KK5: 0.75 to 1.25 | KL5: 0.95 to 1.05 | KM5: 0.75 to 1.25 | KN5: 0.95 to 1.05 | KO5: 0.75 to 1.25 | KP5: 0.95 to 1.05 | KQ5: 0.75 to 1.25 | KR5: 0.95 to 1.05 | KS5: 0.75 to 1.25 | KT5: 0.95 to 1.05 | KU5: 0.75 to 1.25 | KV5: 0.95 to 1.05 | KW5: 0.75 to 1.25 | KX5: 0.95 to 1.05 | KY5: 0.75 to 1.25 | KZ5: 0.95 to 1.05 | LA5: 0.75 to 1.25 | LB5: 0.95 to 1.05 | LC5: 0.75 to 1.25 | LD5: 0.95 to 1.05 | LE5: 0.75 to 1.25 | LF5: 0.95 to 1.05 | LG5: 0.75 to 1.25 | LH5: 0.95 to 1.05 | LI5: 0.75 to 1.25 | LJ5: 0.95 to 1.05 | LK5: 0.75 to 1.25 | LL5: 0.95 to 1.05 | LM5: 0.75 to 1.25 | LN5: 0.95 to 1.05 | LO5: 0.75 to 1.25 | LP5: 0.95 to 1.05 | LQ5: 0.75 to 1.25 | LR5: 0.95 to 1.05 | LS5: 0.75 to 1.25 | LT5: 0.95 to 1.05 | LU5: 0.75 to 1.25 | LV5: 0.95 to 1.05 | LW5: 0.75 to 1.25 | LX5: 0.95 to 1.05 | LY5: 0.75 to 1.25 | LZ5: 0.95 to 1.05 | MA5: 0.75 to 1.25 | MB5: 0.95 to 1.05 | MC5: 0.75 to 1.25 | MD5: 0.95 to 1.05 | ME5: 0.75 to 1.25 | MF5: 0.95 to 1.05 | MG5: 0.75 to 1.25 | MH5: 0.95 to 1.05 | MI5: 0.75 to 1.25 | MJ5: 0.95 to 1.05 | MK5: 0.75 to 1.25 | ML5: 0.95 to 1.05 | MM5: 0.75 to 1.25 | MN5: 0.95 to 1.05 | MO5: 0.75 to 1.25 | MP5: 0.95 to 1.05 | MQ5: 0.75 to 1.25 | MR5: 0.95 to 1.05 | MS5: 0.75 to 1.25 | MT5: 0.95 to 1.05 | MU5: 0.75 to 1.25 | MV5: 0.95 to 1.05 | MW5: 0.75 to 1.25
A6: Best RPD | B6: =MIN(B75:B104) -> 1.1494253 | C6: =MIN(C75:C104) -> 0 | D6: =MIN(D75:D104) -> 0.21186441 | E6: =MIN(E75:E104) -> 6.1926606 | F6: =MIN(F75:F104) -> 0 | G6: =MIN(G75:G104) -> 2.1032505 | H6: =MIN(H75:H104) -> 0 | I6: =MIN(I75:I104) -> 0 | ... MW6: =MIN(MW75:MW104) -> 5.6242274
A7: Worst RPD | B7: =MAX(B75:B104) -> 1.1494253 | C7: =MAX(C75:C104) -> 0 | D7: =MAX(D75:D104) -> 0.21186441 | E7: =MAX(E75:E104) -> 8.2568807 | F7: =MAX(F75:F104) -> 0 | G7: =MAX(G75:G104) -> 2.1032505 | H7: =MAX(H75:H104) -> 0 | I7: =MAX(I75:I104) -> 0 | ... MW7: =MAX(MW75:MW104) -> 7.354759
A8: Avg RPD | B8: =AVERAGE(B75:B104) -> 1.1494253 | C8: =AVERAGE(C75:C104) -> 0 | D8: =AVERAGE(D75:D104) -> 0.21186441 | E8: =AVERAGE(E75:E104) -> 7.0642202 | F8: =AVERAGE(F75:F104) -> 0 | G8: =AVERAGE(G75:G104) -> 2.1032505 | H8: =AVERAGE(H75:H104) -> 0 | I8: =AVERAGE(I75:I104) -> 0 | ... MW8: =AVERAGE(MW75:MW104) -> 6.5090647
A9: Avg time | B9: =AVERAGE(B43:B72) -> 0.4442 | C9: =AVERAGE(C43:C72) -> 6.6666667e-05 | D9: =AVERAGE(D43:D72) -> 0.75183333 | E9: =AVERAGE(E43:E72) -> 1.0213333 | F9: =AVERAGE(F43:F72) -> 0.0022333333 | G9: =AVERAGE(G43:G72) -> 1.5164667 | H9: =AVERAGE(H43:H72) -> 0.0016 | I9: =AVERAGE(I43:I72) -> 0.0020666667 | ... MW9: =AVERAGE(MW43:MW72) -> 82.7099 | MY9: =MAX(B9:MW9) -> 87.899267
A11: LB | B11: 435 | C11: 283 | D11: 472 | E11: 436 | F11: 591 | G11: 523 | H11: 1006 | I11: 973 | J11: 1067 | K11: 800 | L11: 1429 | M11: 900 | N11: 545 | O11: 482 | P11: 1026 | Q11: 1014 | R11: 1034 | S11: 884 | T11: 820 | U11: 904 | V11: 1035 | W11: 1080 | X11: 1290 | Y11: 920 | Z11: 1053 | AA11: 907 | AB11: 1160 | AC11: 1332 | AD11: 1834 | AE11: 1841 | AF11: 1075 | AG11: 1080 | AH11: 1830 | AI11: 1084 | AJ11: 2004 | AK11: 1230 | AL11: 741 | AM11: 665 | AN11: 1078 | AO11: 839 | AP11: 1370 | AQ11: 1288 | AR11: 2007 | AS11: 1538 | AT11: 2226 | AU11: 1704 | AV11: 2356 | AW11: 2211 | AX11: 1153 | AY11: 1458 | AZ11: 1706 | BA11: 1997 | BB11: 2656 | BC11: 2172 | BD11: 1743 | BE11: 1459 | BF11: 2516 | BG11: 2038 | BH11: 2483 | BI11: 2337 | BJ11: 1567 | BK11: 1912 | BL11: 2853 | BM11: 2200 | BN11: 3791 | BO11: 3397 | BP11: 2016 | BQ11: 1388 | BR11: 2652 | BS11: 2524 | BT11: 3346 | BU11: 2881 | BV11: 376 | BW11: 261 | BX11: 408 | BY11: 424 | BZ11: 595 | CA11: 548 | CB11: 553 | CC11: 682 | CD11: 1122 | CE11: 1098 | CF11: 915 | CG11: 1027 | CH11: 651 | CI11: 576 | CJ11: 1110 | CK11: 935 | CL11: 1120 | CM11: 900 | CN11: 750 | CO11: 785 | CP11: 1107 | CQ11: 1098 | CR11: 1395 | CS11: 1074 | CT11: 1032 | CU11: 838 | CV11: 1262 | CW11: 1125 | CX11: 1323 | CY11: 1511 | CZ11: 1175 | DA11: 865 | DB11: 1620 | DC11: 1261 | DD11: 1740 | DE11: 1321 | DF11: 700 | DG11: 640 | DH11: 1000 | DI11: 1087 | DJ11: 1277 | DK11: 1258 | DL11: 2037 | DM11: 1480 | DN11: 1939 | DO11: 1766 | DP11: 2670 | DQ11: 2006 | DR11: 1214 | DS11: 1150 | DT11: 1804 | DU11: 2031 | DV11: 2250 | DW11: 2458 | DX11: 1797 | DY11: 1635 | DZ11: 2279 | EA11: 1792 | EB11: 2700 | EC11: 2336 | ED11: 1455 | EE11: 1625 | EF11: 2916 | EG11: 2708 | EH11: 3782 | EI11: 3726 | EJ11: 2208 | EK11: 1479 | EL11: 3340 | EM11: 2409 | EN11: 3780 | EO11: 3066 | EP11: 432 | EQ11: 304 | ER11: 575 | ES11: 471 | ET11: 632 | EU11: 687 | EV11: 784 | EW11: 952 | EX11: 1171 | EY11: 826 | EZ11: 1061 | FA11: 1256 | FB11: 373 | FC11: 456 | FD11: 756 | FE11: 1101 | FF11: 1160 | FG11: 1074 | FH11: 614 | FI11: 648 | FJ11: 1084 | FK11: 921 | FL11: 1200 | FM11: 1217 | FN11: 832 | FO11: 536 | FP11: 1522 | FQ11: 1322 | FR11: 1760 | FS11: 1559 | FT11: 996 | FU11: 769 | FV11: 1310 | FW11: 1205 | FX11: 1590 | FY11: 1456 | FZ11: 552 | GA11: 679 | GB11: 1141 | GC11: 842 | GD11: 1342 | GE11: 1316 | GF11: 1587 | GG11: 1278 | GH11: 2105 | GI11: 1832 | GJ11: 2551 | GK11: 2178 | GL11: 1196 | GM11: 1228 | GN11: 2047 | GO11: 1933 | GP11: 2662 | GQ11: 2551 | GR11: 1961 | GS11: 1570 | GT11: 2235 | GU11: 2013 | GV11: 2754 | GW11: 2165 | GX11: 1752 | GY11: 1741 | GZ11: 3097 | HA11: 2846 | HB11: 3494 | HC11: 3864 | HD11: 2010 | HE11: 1659 | HF11: 3094 | HG11: 2706 | HH11: 3934 | HI11: 3272 | HJ11: 215 | HK11: 338 | HL11: 456 | HM11: 543 | HN11: 656 | HO11: 607 | HP11: 664 | HQ11: 740 | HR11: 1154 | HS11: 1027 | HT11: 1242 | HU11: 927 | HV11: 726 | HW11: 650 | HX11: 978 | HY11: 853 | HZ11: 690 | IA11: 1445 | IB11: 1183 | IC11: 948 | ID11: 1276 | IE11: 835 | IF11: 1364 | IG11: 1092 | IH11: 945 | II11: 855 | IJ11: 1271 | IK11: 1408 | IL11: 1787 | IM11: 1920 | IN11: 1159 | IO11: 932 | IP11: 1695 | IQ11: 1141 | IR11: 1728 | IS11: 1539 | IT11: 719 | IU11: 561 | IV11: 870 | IW11: 860 | IX11: 1252 | IY11: 1399 | IZ11: 1969 | JA11: 1200 | JB11: 1995 | JC11: 1756 | JD11: 2019 | JE11: 2029 | JF11: 1152 | JG11: 1181 | JH11: 2235 | JI11: 1875 | JJ11: 2630 | JK11: 2289 | JL11: 1849 | JM11: 1553 | JN11: 2516 | JO11: 1966 | JP11: 2645 | JQ11: 2129 | JR11: 1560 | JS11: 1538 | JT11: 2933 | JU11: 3157 | JV11: 3851 | JW11: 3420 | JX11: 1752 | JY11: 1521 | JZ11: 2994 | KA11: 2672 | KB11: 3604 | KC11: 3086 | KD11: 289 | KE11: 350 | KF11: 485 | KG11: 438 | KH11: 676 | KI11: 596 | KJ11: 810 | KK11: 862 | KL11: 1211 | KM11: 1021 | KN11: 1112 | KO11: 1291 | KP11: 440 | KQ11: 495 | KR11: 784 | KS11: 893 | KT11: 1192 | KU11: 1225 | KV11: 1011 | KW11: 998 | KX11: 1253 | KY11: 1049 | KZ11: 1365 | LA11: 936 | LB11: 830 | LC11: 967 | LD11: 1530 | LE11: 1189 | LF11: 1617 | LG11: 1499 | LH11: 1074 | LI11: 825 | LJ11: 1316 | LK11: 1240 | LL11: 1743 | LM11: 1659 | LN11: 579 | LO11: 711 | LP11: 972 | LQ11: 977 | LR11: 1184 | LS11: 1070 | LT11: 1422 | LU11: 1156 | LV11: 2309 | LW11: 1946 | LX11: 2240 | LY11: 2080 | LZ11: 1127 | MA11: 1552 | MB11: 2057 | MC11: 2080 | MD11: 2150 | ME11: 2499 | MF11: 1929 | MG11: 1385 | MH11: 2280 | MI11: 2416 | MJ11: 2463 | MK11: 2554 | ML11: 1804 | MM11: 2002 | MN11: 3004 | MO11: 2664 | MP11: 3811 | MQ11: 4104 | MR11: 2043 | MS11: 1719 | MT11: 2788 | MU11: 2633 | MV11: 3842 | MW11: 3236
A12: 1 | B12: 440 | C12: 283 | D12: 473 | E12: 465 | F12: 591 | G12: 534 | H12: 1006 | I12: 973 | J12: 1067 | K12: 800 | L12: 1429 | M12: 900 | N12: 553 | O12: 487 | P12: 1043 | Q12: 1014 | R12: 1040 | S12: 909 | T12: 820 | U12: 904 | V12: 1035 | W12: 1121 | X12: 1292 | Y12: 999 | Z12: 1056 | AA12: 913 | AB12: 1181 | AC12: 1346 | AD12: 1842 | AE12: 1841 | AF12: 1080 | AG12: 1123 | AH12: 1852 | AI12: 1137 | AJ12: 2017 | AK12: 1309 | AL12: 741 | AM12: 665 | AN12: 1108 | AO12: 839 | AP12: 1376 | AQ12: 1288 | AR12: 2007 | AS12: 1538 | AT12: 2226 | AU12: 1704 | AV12: 2356 | AW12: 2211 | AX12: 1153 | AY12: 1474 | AZ12: 1753 | BA12: 1997 | BB12: 2708 | BC12: 2223 | BD12: 1743 | BE12: 1459 | BF12: 2516 | BG12: 2038 | BH12: 2587 | BI12: 2500 | BJ12: 1571 | BK12: 1995 | BL12: 2853 | BM12: 2278 | BN12: 3865 | BO12: 3456 | BP12: 2057 | BQ12: 1388 | BR12: 2719 | BS12: 2651 | BT12: 3426 | BU12: 3020 | BV12: 381 | BW12: 261 | BX12: 413 | BY12: 434 | BZ12: 597 | CA12: 573 | CB12: 553 | CC12: 682 | CD12: 1122 | CE12: 1098 | CF12: 915 | CG12: 1027 | CH12: 657 | CI12: 576 | CJ12: 1137 | CK12: 979 | CL12: 1120 | CM12: 900 | CN12: 750 | CO12: 785 | CP12: 1107 | CQ12: 1098 | CR12: 1423 | CS12: 1143 | CT12: 1032 | CU12: 838 | CV12: 1262 | CW12: 1125 | CX12: 1323 | CY12: 1511 | CZ12: 1175 | DA12: 865 | DB12: 1643 | DC12: 1312 | DD12: 1754 | DE12: 1420 | DF12: 700 | DG12: 643 | DH12: 1000 | DI12: 1095 | DJ12: 1277 | DK12: 1296 | DL12: 2037 | DM12: 1480 | DN12: 1939 | DO12: 1766 | DP12: 2670 | DQ12: 2006 | DR12: 1214 | DS12: 1150 | DT12: 1830 | DU12: 2069 | DV12: 2250 | DW12: 2458 | DX12: 1797 | DY12: 1635 | DZ12: 2282 | EA12: 1851 | EB12: 2798 | EC12: 2516 | ED12: 1488 | EE12: 1625 | EF12: 2994 | EG12: 2765 | EH12: 3847 | EI12: 3737 | EJ12: 2227 | EK12: 1536 | EL12: 3390 | EM12: 2609 | EN12: 3827 | EO12: 3295 | EP12: 441 | EQ12: 304 | ER12: 585 | ES12: 471 | ET12: 640 | EU12: 694 | EV12: 784 | EW12: 952 | EX12: 1171 | EY12: 826 | EZ12: 1061 | FA12: 1256 | FB12: 373 | FC12: 470 | FD12: 771 | FE12: 1101 | FF12: 1180 | FG12: 1098 | FH12: 614 | FI12: 648 | FJ12: 1084 | FK12: 921 | FL12: 1221 | FM12: 1244 | FN12: 832 | FO12: 563 | FP12: 1522 | FQ12: 1332 | FR12: 1812 | FS12: 1559 | FT12: 1013 | FU12: 805 | FV12: 1332 | FW12: 1271 | FX12: 1620 | FY12: 1575 | FZ12: 561 | GA12: 679 | GB12: 1160 | GC12: 876 | GD12: 1342 | GE12: 1316 | GF12: 1587 | GG12: 1278 | GH12: 2105 | GI12: 1832 | GJ12: 2551 | GK12: 2178 | GL12: 1202 | GM12: 1268 | GN12: 2098 | GO12: 1976 | GP12: 2662 | GQ12: 2551 | GR12: 1961 | GS12: 1570 | GT12: 2262 | GU12: 2013 | GV12: 2890 | GW12: 2287 | GX12: 1754 | GY12: 1741 | GZ12: 3097 | HA12: 2888 | HB12: 3543 | HC12: 3864 | HD12: 2020 | HE12: 1756 | HF12: 3146 | HG12: 2879 | HH12: 3987 | HI12: 3417 | HJ12: 218 | HK12: 341 | HL12: 464 | HM12: 551 | HN12: 671 | HO12: 607 | HP12: 664 | HQ12: 740 | HR12: 1154 | HS12: 1027 | HT12: 1242 | HU12: 927 | HV12: 726 | HW12: 663 | HX12: 999 | HY12: 853 | HZ12: 694 | IA12: 1445 | IB12: 1183 | IC12: 948 | ID12: 1276 | IE12: 841 | IF12: 1394 | IG12: 1126 | IH12: 945 | II12: 886 | IJ12: 1279 | IK12: 1441 | IL12: 1787 | IM12: 1920 | IN12: 1159 | IO12: 932 | IP12: 1731 | IQ12: 1235 | IR12: 1742 | IS12: 1686 | IT12: 719 | IU12: 571 | IV12: 891 | IW12: 860 | IX12: 1259 | IY12: 1399 | IZ12: 1969 | JA12: 1200 | JB12: 1995 | JC12: 1756 | JD12: 2020 | JE12: 2029 | JF12: 1164 | JG12: 1181 | JH12: 2235 | JI12: 1875 | JJ12: 2630 | JK12: 2317 | JL12: 1849 | JM12: 1553 | JN12: 2516 | JO12: 2010 | JP12: 2761 | JQ12: 2347 | JR12: 1560 | JS12: 1603 | JT12: 2950 | JU12: 3157 | JV12: 3938 | JW12: 3421 | JX12: 1767 | JY12: 1550 | JZ12: 3035 | KA12: 2780 | KB12: 3706 | KC12: 3265 | KD12: 289 | KE12: 368 | KF12: 485 | KG12: 454 | KH12: 676 | KI12: 614 | KJ12: 810 | KK12: 862 | KL12: 1211 | KM12: 1021 | KN12: 1112 | KO12: 1291 | KP12: 440 | KQ12: 522 | KR12: 786 | KS12: 908 | KT12: 1192 | KU12: 1225 | KV12: 1011 | KW12: 998 | KX12: 1253 | KY12: 1049 | KZ12: 1395 | LA12: 1014 | LB12: 850 | LC12: 967 | LD12: 1536 | LE12: 1197 | LF12: 1617 | LG12: 1499 | LH12: 1074 | LI12: 848 | LJ12: 1343 | LK12: 1281 | LL12: 1771 | LM12: 1751 | LN12: 579 | LO12: 711 | LP12: 1002 | LQ12: 981 | LR12: 1195 | LS12: 1104 | LT12: 1422 | LU12: 1156 | LV12: 2309 | LW12: 1946 | LX12: 2240 | LY12: 2080 | LZ12: 1147 | MA12: 1552 | MB12: 2104 | MC12: 2080 | MD12: 2171 | ME12: 2499 | MF12: 1929 | MG12: 1385 | MH12: 2319 | MI12: 2416 | MJ12: 2584 | MK12: 2644 | ML12: 1833 | MM12: 2002 | MN12: 3026 | MO12: 2760 | MP12: 3811 | MQ12: 4104 | MR12: 2073 | MS12: 1719 | MT12: 2844 | MU12: 2740 | MV12: 3913 | MW12: 3435
A13: 2 | B13: 440 | C13: 283 | D13: 473 | E13: 470 | F13: 591 | G13: 534 | H13: 1006 | I13: 973 | J13: 1067 | K13: 800 | L13: 1429 | M13: 900 | N13: 553 | O13: 487 | P13: 1043 | Q13: 1014 | R13: 1041 | S13: 907 | T13: 820 | U13: 904 | V13: 1035 | W13: 1110 | X13: 1295 | Y13: 1000 | Z13: 1056 | AA13: 913 | AB13: 1180 | AC13: 1337 | AD13: 1845 | AE13: 1841 | AF13: 1080 | AG13: 1123 | AH13: 1853 | AI13: 1149 | AJ13: 2017 | AK13: 1301 | AL13: 741 | AM13: 665 | AN13: 1109 | AO13: 839 | AP13: 1376 | AQ13: 1288 | AR13: 2007 | AS13: 1538 | AT13: 2226 | AU13: 1704 | AV13: 2356 | AW13: 2211 | AX13: 1153 | AY13: 1478 | AZ13: 1751 | BA13: 1997 | BB13: 2702 | BC13: 2233 | BD13: 1743 | BE13: 1459 | BF13: 2516 | BG13: 2038 | BH13: 2587 | BI13: 2491 | BJ13: 1572 | BK13: 1972 | BL13: 2853 | BM13: 2288 | BN13: 3866 | BO13: 3462 | BP13: 2060 | BQ13: 1388 | BR13: 2712 | BS13: 2657 | BT13: 3437 | BU13: 3051 | BV13: 381 | BW13: 261 | BX13: 413 | BY13: 434 | BZ13: 597 | CA13: 573 | CB13: 553 | CC13: 682 | CD13: 1122 | CE13: 1098 | CF13: 915 | CG13: 1027 | CH13: 656 | CI13: 576 | CJ13: 1137 | CK13: 971 | CL13: 1120 | CM13: 900 | CN13: 750 | CO13: 785 | CP13: 1107 | CQ13: 1098 | CR13: 1427 | CS13: 1124 | CT13: 1032 | CU13: 838 | CV13: 1262 | CW13: 1125 | CX13: 1323 | CY13: 1511 | CZ13: 1175 | DA13: 865 | DB13: 1641 | DC13: 1326 | DD13: 1756 | DE13: 1432 | DF13: 700 | DG13: 643 | DH13: 1000 | DI13: 1087 | DJ13: 1277 | DK13: 1289 | DL13: 2037 | DM13: 1480 | DN13: 1939 | DO13: 1766 | DP13: 2670 | DQ13: 2006 | DR13: 1214 | DS13: 1150 | DT13: 1832 | DU13: 2071 | DV13: 2250 | DW13: 2458 | DX13: 1797 | DY13: 1635 | DZ13: 2284 | EA13: 1844 | EB13: 2792 | EC13: 2458 | ED13: 1483 | EE13: 1625 | EF13: 3003 | EG13: 2767 | EH13: 3848 | EI13: 3758 | EJ13: 2229 | EK13: 1512 | EL13: 3391 | EM13: 2612 | EN13: 3836 | EO13: 3276 | EP13: 441 | EQ13: 304 | ER13: 585 | ES13: 471 | ET13: 640 | EU13: 700 | EV13: 784 | EW13: 952 | EX13: 1171 | EY13: 826 | EZ13: 1061 | FA13: 1256 | FB13: 373 | FC13: 470 | FD13: 771 | FE13: 1101 | FF13: 1179 | FG13: 1094 | FH13: 614 | FI13: 648 | FJ13: 1084 | FK13: 921 | FL13: 1221 | FM13: 1255 | FN13: 832 | FO13: 563 | FP13: 1522 | FQ13: 1334 | FR13: 1809 | FS13: 1559 | FT13: 1013 | FU13: 805 | FV13: 1330 | FW13: 1271 | FX13: 1619 | FY13: 1573 | FZ13: 561 | GA13: 679 | GB13: 1163 | GC13: 881 | GD13: 1342 | GE13: 1316 | GF13: 1587 | GG13: 1278 | GH13: 2105 | GI13: 1832 | GJ13: 2551 | GK13: 2178 | GL13: 1202 | GM13: 1261 | GN13: 2097 | GO13: 1979 | GP13: 2662 | GQ13: 2551 | GR13: 1961 | GS13: 1570 | GT13: 2263 | GU13: 2013 | GV13: 2929 | GW13: 2263 | GX13: 1757 | GY13: 1741 | GZ13: 3097 | HA13: 2891 | HB13: 3542 | HC13: 3864 | HD13: 2021 | HE13: 1755 | HF13: 3137 | HG13: 2863 | HH13: 3984 | HI13: 3418 | HJ13: 218 | HK13: 341 | HL13: 464 | HM13: 543 | HN13: 671 | HO13: 607 | HP13: 664 | HQ13: 740 | HR13: 1154 | HS13: 1027 | HT13: 1242 | HU13: 927 | HV13: 726 | HW13: 663 | HX13: 999 | HY13: 853 | HZ13: 695 | IA13: 1445 | IB13: 1183 | IC13: 948 | ID13: 1276 | IE13: 857 | IF13: 1395 | IG13: 1135 | IH13: 945 | II13: 886 | IJ13: 1277 | IK13: 1443 | IL13: 1787 | IM13: 1920 | IN13: 1159 | IO13: 932 | IP13: 1731 | IQ13: 1236 | IR13: 1746 | IS13: 1679 | IT13: 719 | IU13: 571 | IV13: 894 | IW13: 860 | IX13: 1257 | IY13: 1399 | IZ13: 1969 | JA13: 1200 | JB13: 1995 | JC13: 1756 | JD13: 2019 | JE13: 2029 | JF13: 1164 | JG13: 1181 | JH13: 2235 | JI13: 1875 | JJ13: 2630 | JK13: 2309 | JL13: 1849 | JM13: 1553 | JN13: 2518 | JO13: 1996 | JP13: 2762 | JQ13: 2342 | JR13: 1560 | JS13: 1596 | JT13: 2949 | JU13: 3157 | JV13: 3936 | JW13: 3420 | JX13: 1774 | JY13: 1569 | JZ13: 3037 | KA13: 2781 | KB13: 3706 | KC13: 3282 | KD13: 289 | KE13: 368 | KF13: 485 | KG13: 456 | KH13: 677 | KI13: 629 | KJ13: 810 | KK13: 862 | KL13: 1211 | KM13: 1021 | KN13: 1112 | KO13: 1291 | KP13: 440 | KQ13: 522 | KR13: 786 | KS13: 908 | KT13: 1192 | KU13: 1225 | KV13: 1011 | KW13: 998 | KX13: 1253 | KY13: 1049 | KZ13: 1397 | LA13: 1003 | LB13: 850 | LC13: 967 | LD13: 1537 | LE13: 1197 | LF13: 1617 | LG13: 1499 | LH13: 1074 | LI13: 848 | LJ13: 1342 | LK13: 1281 | LL13: 1773 | LM13: 1742 | LN13: 579 | LO13: 711 | LP13: 1005 | LQ13: 981 | LR13: 1199 | LS13: 1117 | LT13: 1422 | LU13: 1156 | LV13: 2309 | LW13: 1946 | LX13: 2240 | LY13: 2080 | LZ13: 1147 | MA13: 1552 | MB13: 2100 | MC13: 2080 | MD13: 2170 | ME13: 2499 | MF13: 1929 | MG13: 1385 | MH13: 2324 | MI13: 2416 | MJ13: 2595 | MK13: 2632 | ML13: 1831 | MM13: 2002 | MN13: 3023 | MO13: 2769 | MP13: 3811 | MQ13: 4104 | MR13: 2067 | MS13: 1719 | MT13: 2851 | MU13: 2729 | MV13: 3911 | MW13: 3461
A14: 3 | B14: 440 | C14: 283 | D14: 473 | E14: 463 | F14: 591 | G14: 534 | H14: 1006 | I14: 973 | J14: 1067 | K14: 800 | L14: 1429 | M14: 900 | N14: 553 | O14: 487 | P14: 1042 | Q14: 1014 | R14: 1040 | S14: 909 | T14: 820 | U14: 904 | V14: 1035 | W14: 1121 | X14: 1294 | Y14: 1000 | Z14: 1056 | AA14: 913 | AB14: 1180 | AC14: 1337 | AD14: 1846 | AE14: 1841 | AF14: 1080 | AG14: 1124 | AH14: 1850 | AI14: 1139 | AJ14: 2017 | AK14: 1307 | AL14: 741 | AM14: 665 | AN14: 1108 | AO14: 839 | AP14: 1374 | AQ14: 1288 | AR14: 2007 | AS14: 1538 | AT14: 2226 | AU14: 1704 | AV14: 2356 | AW14: 2211 | AX14: 1153 | AY14: 1474 | AZ14: 1751 | BA14: 1997 | BB14: 2710 | BC14: 2226 | BD14: 1743 | BE14: 1459 | BF14: 2516 | BG14: 2039 | BH14: 2590 | BI14: 2484 | BJ14: 1577 | BK14: 1983 | BL14: 2853 | BM14: 2287 | BN14: 3861 | BO14: 3435 | BP14: 2059 | BQ14: 1388 | BR14: 2711 | BS14: 2671 | BT14: 3438 | BU14: 3044 | BV14: 381 | BW14: 261 | BX14: 413 | BY14: 434 | BZ14: 596 | CA14: 573 | CB14: 553 | CC14: 682 | CD14: 1122 | CE14: 1098 | CF14: 915 | CG14: 1027 | CH14: 656 | CI14: 576 | CJ14: 1137 | CK14: 981 | CL14: 1120 | CM14: 900 | CN14: 750 | CO14: 785 | CP14: 1107 | CQ14: 1098 | CR14: 1428 | CS14: 1129 | CT14: 1032 | CU14: 838 | CV14: 1262 | CW14: 1125 | CX14: 1323 | CY14: 1511 | CZ14: 1175 | DA14: 865 | DB14: 1641 | DC14: 1327 | DD14: 1754 | DE14: 1410 | DF14: 700 | DG14: 644 | DH14: 1000 | DI14: 1094 | DJ14: 1277 | DK14: 1286 | DL14: 2037 | DM14: 1480 | DN14: 1939 | DO14: 1766 | DP14: 2670 | DQ14: 2006 | DR14: 1214 | DS14: 1150 | DT14: 1833 | DU14: 2064 | DV14: 2250 | DW14: 2458 | DX14: 1797 | DY14: 1635 | DZ14: 2283 | EA14: 1837 | EB14: 2781 | EC14: 2505 | ED14: 1485 | EE14: 1625 | EF14: 3005 | EG14: 2775 | EH14: 3843 | EI14: 3738 | EJ14: 2225 | EK14: 1524 | EL14: 3391 | EM14: 2598 | EN14: 3845 | EO14: 3287 | EP14: 441 | EQ14: 304 | ER14: 585 | ES14: 471 | ET14: 640 | EU14: 694 | EV14: 784 | EW14: 952 | EX14: 1171 | EY14: 826 | EZ14: 1061 | FA14: 1256 | FB14: 373 | FC14: 470 | FD14: 771 | FE14: 1101 | FF14: 1179 | FG14: 1094 | FH14: 614 | FI14: 648 | FJ14: 1084 | FK14: 921 | FL14: 1224 | FM14: 1262 | FN14: 832 | FO14: 563 | FP14: 1522 | FQ14: 1328 | FR14: 1811 | FS14: 1559 | FT14: 1014 | FU14: 805 | FV14: 1333 | FW14: 1271 | FX14: 1620 | FY14: 1574 | FZ14: 561 | GA14: 679 | GB14: 1167 | GC14: 874 | GD14: 1342 | GE14: 1316 | GF14: 1587 | GG14: 1278 | GH14: 2105 | GI14: 1832 | GJ14: 2551 | GK14: 2178 | GL14: 1201 | GM14: 1267 | GN14: 2095 | GO14: 1976 | GP14: 2662 | GQ14: 2551 | GR14: 1961 | GS14: 1570 | GT14: 2259 | GU14: 2013 | GV14: 2917 | GW14: 2276 | GX14: 1754 | GY14: 1741 | GZ14: 3097 | HA14: 2881 | HB14: 3542 | HC14: 3864 | HD14: 2022 | HE14: 1759 | HF14: 3148 | HG14: 2868 | HH14: 3967 | HI14: 3427 | HJ14: 218 | HK14: 341 | HL14: 464 | HM14: 543 | HN14: 671 | HO14: 607 | HP14: 664 | HQ14: 740 | HR14: 1154 | HS14: 1027 | HT14: 1242 | HU14: 927 | HV14: 726 | HW14: 663 | HX14: 999 | HY14: 853 | HZ14: 692 | IA14: 1445 | IB14: 1183 | IC14: 948 | ID14: 1276 | IE14: 841 | IF14: 1393 | IG14: 1131 | IH14: 945 | II14: 888 | IJ14: 1275 | IK14: 1434 | IL14: 1787 | IM14: 1920 | IN14: 1159 | IO14: 932 | IP14: 1727 | IQ14: 1219 | IR14: 1740 | IS14: 1701 | IT14: 719 | IU14: 571 | IV14: 892 | IW14: 860 | IX14: 1256 | IY14: 1399 | IZ14: 1969 | JA14: 1200 | JB14: 1995 | JC14: 1756 | JD14: 2020 | JE14: 2029 | JF14: 1164 | JG14: 1181 | JH14: 2235 | JI14: 1875 | JJ14: 2630 | JK14: 2314 | JL14: 1849 | JM14: 1553 | JN14: 2519 | JO14: 1991 | JP14: 2759 | JQ14: 2343 | JR14: 1560 | JS14: 1591 | JT14: 2951 | JU14: 3157 | JV14: 3932 | JW14: 3420 | JX14: 1772 | JY14: 1546 | JZ14: 3034 | KA14: 2767 | KB14: 3703 | KC14: 3265 | KD14: 289 | KE14: 368 | KF14: 485 | KG14: 452 | KH14: 677 | KI14: 626 | KJ14: 810 | KK14: 862 | KL14: 1211 | KM14: 1021 | KN14: 1112 | KO14: 1291 | KP14: 440 | KQ14: 522 | KR14: 786 | KS14: 908 | KT14: 1192 | KU14: 1225 | KV14: 1011 | KW14: 998 | KX14: 1253 | KY14: 1049 | KZ14: 1394 | LA14: 1012 | LB14: 850 | LC14: 967 | LD14: 1538 | LE14: 1193 | LF14: 1617 | LG14: 1499 | LH14: 1074 | LI14: 848 | LJ14: 1345 | LK14: 1295 | LL14: 1773 | LM14: 1755 | LN14: 579 | LO14: 711 | LP14: 999 | LQ14: 977 | LR14: 1200 | LS14: 1104 | LT14: 1422 | LU14: 1156 | LV14: 2309 | LW14: 1946 | LX14: 2240 | LY14: 2080 | LZ14: 1147 | MA14: 1552 | MB14: 2102 | MC14: 2080 | MD14: 2173 | ME14: 2499 | MF14: 1929 | MG14: 1385 | MH14: 2318 | MI14: 2416 | MJ14: 2580 | MK14: 2625 | ML14: 1832 | MM14: 2002 | MN14: 3023 | MO14: 2778 | MP14: 3811 | MQ14: 4104 | MR14: 2067 | MS14: 1719 | MT14: 2848 | MU14: 2749 | MV14: 3906 | MW14: 3452
A15: 4 | B15: 440 | C15: 283 | D15: 473 | E15: 465 | F15: 591 | G15: 534 | H15: 1006 | I15: 973 | J15: 1067 | K15: 800 | L15: 1429 | M15: 900 | N15: 553 | O15: 487 | P15: 1042 | Q15: 1014 | R15: 1040 | S15: 911 | T15: 820 | U15: 904 | V15: 1035 | W15: 1121 | X15: 1295 | Y15: 1003 | Z15: 1056 | AA15: 913 | AB15: 1180 | AC15: 1348 | AD15: 1839 | AE15: 1841 | AF15: 1080 | AG15: 1123 | AH15: 1849 | AI15: 1130 | AJ15: 2018 | AK15: 1310 | AL15: 741 | AM15: 665 | AN15: 1110 | AO15: 839 | AP15: 1374 | AQ15: 1288 | AR15: 2007 | AS15: 1538 | AT15: 2226 | AU15: 1704 | AV15: 2356 | AW15: 2211 | AX15: 1153 | AY15: 1470 | AZ15: 1745 | BA15: 1997 | BB15: 2710 | BC15: 2224 | BD15: 1743 | BE15: 1459 | BF15: 2516 | BG15: 2038 | BH15: 2583 | BI15: 2528 | BJ15: 1574 | BK15: 1989 | BL15: 2853 | BM15: 2285 | BN15: 3868 | BO15: 3471 | BP15: 2058 | BQ15: 1388 | BR15: 2719 | BS15: 2668 | BT15: 3431 | BU15: 3048 | BV15: 381 | BW15: 261 | BX15: 413 | BY15: 434 | BZ15: 597 | CA15: 573 | CB15: 553 | CC15: 682 | CD15: 1122 | CE15: 1098 | CF15: 915 | CG15: 1027 | CH15: 656 | CI15: 576 | CJ15: 1137 | CK15: 971 | CL15: 1120 | CM15: 900 | CN15: 750 | CO15: 785 | CP15: 1108 | CQ15: 1098 | CR15: 1426 | CS15: 1136 | CT15: 1032 | CU15: 838 | CV15: 1262 | CW15: 1125 | CX15: 1323 | CY15: 1511 | CZ15: 1175 | DA15: 865 | DB15: 1642 | DC15: 1322 | DD15: 1755 | DE15: 1427 | DF15: 700 | DG15: 646 | DH15: 1000 | DI15: 1095 | DJ15: 1277 | DK15: 1286 | DL15: 2037 | DM15: 1480 | DN15: 1939 | DO15: 1766 | DP15: 2670 | DQ15: 2006 | DR15: 1214 | DS15: 1150 | DT15: 1831 | DU15: 2055 | DV15: 2250 | DW15: 2458 | DX15: 1797 | DY15: 1635 | DZ15: 2279 | EA15: 1831 | EB15: 2812 | EC15: 2479 | ED15: 1486 | EE15: 1625 | EF15: 3004 | EG15: 2767 | EH15: 3848 | EI15: 3747 | EJ15: 2226 | EK15: 1540 | EL15: 3389 | EM15: 2605 | EN15: 3846 | EO15: 3296 | EP15: 441 | EQ15: 304 | ER15: 585 | ES15: 471 | ET15: 640 | EU15: 700 | EV15: 784 | EW15: 952 | EX15: 1171 | EY15: 826 | EZ15: 1061 | FA15: 1256 | FB15: 373 | FC15: 470 | FD15: 772 | FE15: 1101 | FF15: 1180 | FG15: 1098 | FH15: 614 | FI15: 648 | FJ15: 1084 | FK15: 921 | FL15: 1219 | FM15: 1256 | FN15: 832 | FO15: 563 | FP15: 1522 | FQ15: 1332 | FR15: 1808 | FS15: 1559 | FT15: 1009 | FU15: 805 | FV15: 1333 | FW15: 1270 | FX15: 1619 | FY15: 1567 | FZ15: 561 | GA15: 679 | GB15: 1158 | GC15: 874 | GD15: 1342 | GE15: 1316 | GF15: 1587 | GG15: 1278 | GH15: 2105 | GI15: 1832 | GJ15: 2551 | GK15: 2178 | GL15: 1198 | GM15: 1274 | GN15: 2095 | GO15: 1982 | GP15: 2662 | GQ15: 2551 | GR15: 1961 | GS15: 1570 | GT15: 2262 | GU15: 2013 | GV15: 2901 | GW15: 2280 | GX15: 1755 | GY15: 1741 | GZ15: 3097 | HA15: 2907 | HB15: 3546 | HC15: 3864 | HD15: 2021 | HE15: 1759 | HF15: 3146 | HG15: 2862 | HH15: 3987 | HI15: 3429 | HJ15: 218 | HK15: 341 | HL15: 464 | HM15: 550 | HN15: 671 | HO15: 607 | HP15: 664 | HQ15: 740 | HR15: 1154 | HS15: 1027 | HT15: 1242 | HU15: 927 | HV15: 726 | HW15: 663 | HX15: 999 | HY15: 853 | HZ15: 693 | IA15: 1445 | IB15: 1183 | IC15: 948 | ID15: 1276 | IE15: 847 | IF15: 1401 | IG15: 1118 | IH15: 945 | II15: 888 | IJ15: 1274 | IK15: 1435 | IL15: 1787 | IM15: 1920 | IN15: 1159 | IO15: 932 | IP15: 1734 | IQ15: 1223 | IR15: 1741 | IS15: 1679 | IT15: 719 | IU15: 571 | IV15: 895 | IW15: 860 | IX15: 1257 | IY15: 1399 | IZ15: 1969 | JA15: 1200 | JB15: 1995 | JC15: 1756 | JD15: 2020 | JE15: 2029 | JF15: 1164 | JG15: 1181 | JH15: 2235 | JI15: 1875 | JJ15: 2630 | JK15: 2293 | JL15: 1849 | JM15: 1553 | JN15: 2520 | JO15: 2004 | JP15: 2762 | JQ15: 2355 | JR15: 1560 | JS15: 1598 | JT15: 2954 | JU15: 3157 | JV15: 3938 | JW15: 3420 | JX15: 1768 | JY15: 1555 | JZ15: 3039 | KA15: 2806 | KB15: 3707 | KC15: 3292 | KD15: 289 | KE15: 368 | KF15: 485 | KG15: 457 | KH15: 677 | KI15: 627 | KJ15: 810 | KK15: 862 | KL15: 1211 | KM15: 1021 | KN15: 1112 | KO15: 1291 | KP15: 440 | KQ15: 522 | KR15: 786 | KS15: 908 | KT15: 1192 | KU15: 1225 | KV15: 1011 | KW15: 998 | KX15: 1253 | KY15: 1049 | KZ15: 1396 | LA15: 1008 | LB15: 850 | LC15: 967 | LD15: 1535 | LE15: 1199 | LF15: 1617 | LG15: 1499 | LH15: 1074 | LI15: 848 | LJ15: 1344 | LK15: 1296 | LL15: 1773 | LM15: 1776 | LN15: 579 | LO15: 711 | LP15: 1001 | LQ15: 977 | LR15: 1200 | LS15: 1123 | LT15: 1422 | LU15: 1156 | LV15: 2309 | LW15: 1946 | LX15: 2240 | LY15: 2080 | LZ15: 1147 | MA15: 1552 | MB15: 2099 | MC15: 2080 | MD15: 2171 | ME15: 2499 | MF15: 1929 | MG15: 1385 | MH15: 2321 | MI15: 2416 | MJ15: 2580 | MK15: 2638 | ML15: 1836 | MM15: 2002 | MN15: 3022 | MO15: 2756 | MP15: 3811 | MQ15: 4104 | MR15: 2068 | MS15: 1719 | MT15: 2851 | MU15: 2728 | MV15: 3900 | MW15: 3456
A16: 5 | B16: 440 | C16: 283 | D16: 473 | E16: 469 | F16: 591 | G16: 534 | H16: 1006 | I16: 973 | J16: 1067 | K16: 800 | L16: 1429 | M16: 900 | N16: 553 | O16: 487 | P16: 1040 | Q16: 1014 | R16: 1041 | S16: 907 | T16: 820 | U16: 904 | V16: 1035 | W16: 1121 | X16: 1294 | Y16: 999 | Z16: 1056 | AA16: 913 | AB16: 1179 | AC16: 1348 | AD16: 1842 | AE16: 1841 | AF16: 1080 | AG16: 1123 | AH16: 1853 | AI16: 1130 | AJ16: 2020 | AK16: 1313 | AL16: 741 | AM16: 665 | AN16: 1112 | AO16: 839 | AP16: 1373 | AQ16: 1288 | AR16: 2007 | AS16: 1538 | AT16: 2226 | AU16: 1704 | AV16: 2356 | AW16: 2211 | AX16: 1153 | AY16: 1462 | AZ16: 1750 | BA16: 1997 | BB16: 2704 | BC16: 2217 | BD16: 1743 | BE16: 1459 | BF16: 2516 | BG16: 2038 | BH16: 2580 | BI16: 2545 | BJ16: 1574 | BK16: 1970 | BL16: 2853 | BM16: 2293 | BN16: 3868 | BO16: 3467 | BP16: 2058 | BQ16: 1388 | BR16: 2717 | BS16: 2685 | BT16: 3432 | BU16: 3053 | BV16: 381 | BW16: 261 | BX16: 413 | BY16: 434 | BZ16: 597 | CA16: 573 | CB16: 553 | CC16: 682 | CD16: 1122 | CE16: 1098 | CF16: 915 | CG16: 1027 | CH16: 656 | CI16: 576 | CJ16: 1137 | CK16: 979 | CL16: 1120 | CM16: 900 | CN16: 750 | CO16: 785 | CP16: 1107 | CQ16: 1098 | CR16: 1425 | CS16: 1147 | CT16: 1032 | CU16: 838 | CV16: 1262 | CW16: 1125 | CX16: 1323 | CY16: 1511 | CZ16: 1175 | DA16: 865 | DB16: 1640 | DC16: 1321 | DD16: 1756 | DE16: 1425 | DF16: 700 | DG16: 643 | DH16: 1000 | DI16: 1095 | DJ16: 1277 | DK16: 1297 | DL16: 2037 | DM16: 1480 | DN16: 1939 | DO16: 1766 | DP16: 2670 | DQ16: 2006 | DR16: 1214 | DS16: 1150 | DT16: 1833 | DU16: 2074 | DV16: 2250 | DW16: 2458 | DX16: 1797 | DY16: 1635 | DZ16: 2282 | EA16: 1862 | EB16: 2788 | EC16: 2467 | ED16: 1487 | EE16: 1625 | EF16: 3001 | EG16: 2775 | EH16: 3854 | EI16: 3743 | EJ16: 2225 | EK16: 1525 | EL16: 3387 | EM16: 2621 | EN16: 3834 | EO16: 3292 | EP16: 441 | EQ16: 304 | ER16: 585 | ES16: 471 | ET16: 640 | EU16: 694 | EV16: 784 | EW16: 952 | EX16: 1171 | EY16: 826 | EZ16: 1061 | FA16: 1256 | FB16: 373 | FC16: 470 | FD16: 772 | FE16: 1101 | FF16: 1179 | FG16: 1100 | FH16: 614 | FI16: 648 | FJ16: 1084 | FK16: 921 | FL16: 1221 | FM16: 1244 | FN16: 832 | FO16: 563 | FP16: 1522 | FQ16: 1334 | FR16: 1813 | FS16: 1559 | FT16: 1013 | FU16: 805 | FV16: 1329 | FW16: 1271 | FX16: 1621 | FY16: 1570 | FZ16: 561 | GA16: 679 | GB16: 1160 | GC16: 870 | GD16: 1342 | GE16: 1316 | GF16: 1587 | GG16: 1278 | GH16: 2105 | GI16: 1832 | GJ16: 2551 | GK16: 2178 | GL16: 1199 | GM16: 1275 | GN16: 2094 | GO16: 1978 | GP16: 2662 | GQ16: 2551 | GR16: 1961 | GS16: 1570 | GT16: 2252 | GU16: 2013 | GV16: 2894 | GW16: 2269 | GX16: 1754 | GY16: 1741 | GZ16: 3097 | HA16: 2884 | HB16: 3546 | HC16: 3864 | HD16: 2020 | HE16: 1737 | HF16: 3152 | HG16: 2841 | HH16: 3979 | HI16: 3423 | HJ16: 218 | HK16: 341 | HL16: 464 | HM16: 548 | HN16: 671 | HO16: 607 | HP16: 664 | HQ16: 740 | HR16: 1154 | HS16: 1027 | HT16: 1242 | HU16: 927 | HV16: 726 | HW16: 663 | HX16: 999 | HY16: 853 | HZ16: 694 | IA16: 1445 | IB16: 1183 | IC16: 948 | ID16: 1276 | IE16: 841 | IF16: 1397 | IG16: 1131 | IH16: 945 | II16: 888 | IJ16: 1279 | IK16: 1443 | IL16: 1787 | IM16: 1920 | IN16: 1159 | IO16: 932 | IP16: 1727 | IQ16: 1231 | IR16: 1742 | IS16: 1670 | IT16: 719 | IU16: 571 | IV16: 893 | IW16: 860 | IX16: 1256 | IY16: 1399 | IZ16: 1969 | JA16: 1200 | JB16: 1995 | JC16: 1756 | JD16: 2020 | JE16: 2029 | JF16: 1166 | JG16: 1181 | JH16: 2235 | JI16: 1875 | JJ16: 2630 | JK16: 2311 | JL16: 1849 | JM16: 1553 | JN16: 2519 | JO16: 1992 | JP16: 2751 | JQ16: 2362 | JR16: 1560 | JS16: 1583 | JT16: 2951 | JU16: 3157 | JV16: 3947 | JW16: 3421 | JX16: 1772 | JY16: 1542 | JZ16: 3040 | KA16: 2773 | KB16: 3700 | KC16: 3279 | KD16: 289 | KE16: 368 | KF16: 485 | KG16: 455 | KH16: 677 | KI16: 617 | KJ16: 810 | KK16: 862 | KL16: 1211 | KM16: 1021 | KN16: 1112 | KO16: 1291 | KP16: 440 | KQ16: 522 | KR16: 786 | KS16: 908 | KT16: 1192 | KU16: 1225 | KV16: 1011 | KW16: 998 | KX16: 1253 | KY16: 1049 | KZ16: 1398 | LA16: 1005 | LB16: 850 | LC16: 967 | LD16: 1537 | LE16: 1198 | LF16: 1617 | LG16: 1499 | LH16: 1074 | LI16: 848 | LJ16: 1345 | LK16: 1281 | LL16: 1772 | LM16: 1769 | LN16: 579 | LO16: 711 | LP16: 1001 | LQ16: 981 | LR16: 1201 | LS16: 1102 | LT16: 1422 | LU16: 1156 | LV16: 2309 | LW16: 1946 | LX16: 2240 | LY16: 2080 | LZ16: 1146 | MA16: 1552 | MB16: 2100 | MC16: 2080 | MD16: 2172 | ME16: 2499 | MF16: 1929 | MG16: 1385 | MH16: 2316 | MI16: 2416 | MJ16: 2567 | MK16: 2644 | ML16: 1828 | MM16: 2002 | MN16: 3023 | MO16: 2777 | MP16: 3811 | MQ16: 4104 | MR16: 2069 | MS16: 1719 | MT16: 2848 | MU16: 2752 | MV16: 3908 | MW16: 3434
A17: 6 | B17: 440 | C17: 283 | D17: 473 | E17: 464 | F17: 591 | G17: 534 | H17: 1006 | I17: 973 | J17: 1067 | K17: 800 | L17: 1429 | M17: 900 | N17: 553 | O17: 487 | P17: 1042 | Q17: 1014 | R17: 1040 | S17: 897 | T17: 820 | U17: 904 | V17: 1035 | W17: 1110 | X17: 1295 | Y17: 1009 | Z17: 1056 | AA17: 913 | AB17: 1180 | AC17: 1348 | AD17: 1842 | AE17: 1841 | AF17: 1080 | AG17: 1123 | AH17: 1853 | AI17: 1139 | AJ17: 2015 | AK17: 1309 | AL17: 741 | AM17: 665 | AN17: 1113 | AO17: 839 | AP17: 1374 | AQ17: 1288 | AR17: 2007 | AS17: 1538 | AT17: 2226 | AU17: 1704 | AV17: 2356 | AW17: 2211 | AX17: 1153 | AY17: 1468 | AZ17: 1749 | BA17: 1997 | BB17: 2710 | BC17: 2233 | BD17: 1743 | BE17: 1459 | BF17: 2516 | BG17: 2038 | BH17: 2564 | BI17: 2468 | BJ17: 1571 | BK17: 1992 | BL17: 2853 | BM17: 2276 | BN17: 3863 | BO17: 3458 | BP17: 2048 | BQ17: 1388 | BR17: 2716 | BS17: 2667 | BT17: 3437 | BU17: 3050 | BV17: 381 | BW17: 261 | BX17: 413 | BY17: 434 | BZ17: 595 | CA17: 573 | CB17: 553 | CC17: 682 | CD17: 1122 | CE17: 1098 | CF17: 915 | CG17: 1027 | CH17: 657 | CI17: 576 | CJ17: 1137 | CK17: 971 | CL17: 1120 | CM17: 900 | CN17: 750 | CO17: 785 | CP17: 1107 | CQ17: 1098 | CR17: 1426 | CS17: 1128 | CT17: 1032 | CU17: 838 | CV17: 1262 | CW17: 1125 | CX17: 1323 | CY17: 1511 | CZ17: 1175 | DA17: 865 | DB17: 1641 | DC17: 1328 | DD17: 1751 | DE17: 1434 | DF17: 700 | DG17: 644 | DH17: 1000 | DI17: 1095 | DJ17: 1277 | DK17: 1296 | DL17: 2037 | DM17: 1480 | DN17: 1939 | DO17: 1766 | DP17: 2670 | DQ17: 2006 | DR17: 1214 | DS17: 1150 | DT17: 1831 | DU17: 2071 | DV17: 2250 | DW17: 2458 | DX17: 1797 | DY17: 1635 | DZ17: 2281 | EA17: 1859 | EB17: 2780 | EC17: 2468 | ED17: 1482 | EE17: 1625 | EF17: 3009 | EG17: 2772 | EH17: 3851 | EI17: 3730 | EJ17: 2228 | EK17: 1531 | EL17: 3396 | EM17: 2606 | EN17: 3843 | EO17: 3276 | EP17: 441 | EQ17: 304 | ER17: 585 | ES17: 471 | ET17: 640 | EU17: 694 | EV17: 784 | EW17: 952 | EX17: 1171 | EY17: 826 | EZ17: 1061 | FA17: 1256 | FB17: 373 | FC17: 470 | FD17: 772 | FE17: 1101 | FF17: 1179 | FG17: 1094 | FH17: 614 | FI17: 648 | FJ17: 1084 | FK17: 921 | FL17: 1221 | FM17: 1243 | FN17: 832 | FO17: 563 | FP17: 1522 | FQ17: 1332 | FR17: 1811 | FS17: 1559 | FT17: 1009 | FU17: 805 | FV17: 1334 | FW17: 1263 | FX17: 1621 | FY17: 1576 | FZ17: 561 | GA17: 679 | GB17: 1162 | GC17: 876 | GD17: 1342 | GE17: 1316 | GF17: 1587 | GG17: 1278 | GH17: 2105 | GI17: 1832 | GJ17: 2551 | GK17: 2178 | GL17: 1201 | GM17: 1267 | GN17: 2095 | GO17: 1968 | GP17: 2662 | GQ17: 2551 | GR17: 1961 | GS17: 1570 | GT17: 2260 | GU17: 2013 | GV17: 2911 | GW17: 2260 | GX17: 1755 | GY17: 1741 | GZ17: 3097 | HA17: 2885 | HB17: 3546 | HC17: 3864 | HD17: 2026 | HE17: 1762 | HF17: 3150 | HG17: 2844 | HH17: 3973 | HI17: 3416 | HJ17: 218 | HK17: 341 | HL17: 464 | HM17: 543 | HN17: 671 | HO17: 607 | HP17: 664 | HQ17: 740 | HR17: 1154 | HS17: 1027 | HT17: 1242 | HU17: 927 | HV17: 726 | HW17: 663 | HX17: 999 | HY17: 853 | HZ17: 693 | IA17: 1445 | IB17: 1183 | IC17: 948 | ID17: 1276 | IE17: 846 | IF17: 1390 | IG17: 1122 | IH17: 945 | II17: 886 | IJ17: 1277 | IK17: 1446 | IL17: 1787 | IM17: 1920 | IN17: 1159 | IO17: 932 | IP17: 1734 | IQ17: 1236 | IR17: 1742 | IS17: 1686 | IT17: 719 | IU17: 571 | IV17: 893 | IW17: 860 | IX17: 1255 | IY17: 1399 | IZ17: 1969 | JA17: 1200 | JB17: 1995 | JC17: 1756 | JD17: 2019 | JE17: 2029 | JF17: 1164 | JG17: 1181 | JH17: 2235 | JI17: 1875 | JJ17: 2630 | JK17: 2298 | JL17: 1849 | JM17: 1553 | JN17: 2520 | JO17: 2001 | JP17: 2760 | JQ17: 2350 | JR17: 1560 | JS17: 1594 | JT17: 2948 | JU17: 3157 | JV17: 3940 | JW17: 3420 | JX17: 1765 | JY17: 1571 | JZ17: 3038 | KA17: 2802 | KB17: 3701 | KC17: 3257 | KD17: 289 | KE17: 368 | KF17: 485 | KG17: 461 | KH17: 677 | KI17: 609 | KJ17: 810 | KK17: 862 | KL17: 1211 | KM17: 1021 | KN17: 1112 | KO17: 1291 | KP17: 440 | KQ17: 522 | KR17: 786 | KS17: 908 | KT17: 1192 | KU17: 1225 | KV17: 1011 | KW17: 998 | KX17: 1253 | KY17: 1049 | KZ17: 1396 | LA17: 1007 | LB17: 850 | LC17: 967 | LD17: 1533 | LE17: 1199 | LF17: 1617 | LG17: 1499 | LH17: 1074 | LI17: 848 | LJ17: 1337 | LK17: 1291 | LL17: 1776 | LM17: 1758 | LN17: 579 | LO17: 711 | LP17: 999 | LQ17: 977 | LR17: 1200 | LS17: 1111 | LT17: 1422 | LU17: 1156 | LV17: 2309 | LW17: 1946 | LX17: 2240 | LY17: 2080 | LZ17: 1146 | MA17: 1552 | MB17: 2097 | MC17: 2080 | MD17: 2172 | ME17: 2499 | MF17: 1929 | MG17: 1385 | MH17: 2316 | MI17: 2416 | MJ17: 2581 | MK17: 2643 | ML17: 1831 | MM17: 2002 | MN17: 3025 | MO17: 2768 | MP17: 3811 | MQ17: 4104 | MR17: 2069 | MS17: 1719 | MT17: 2849 | MU17: 2762 | MV17: 3901 | MW17: 3455
A18: 7 | B18: 440 | C18: 283 | D18: 473 | E18: 468 | F18: 591 | G18: 534 | H18: 1006 | I18: 973 | J18: 1067 | K18: 800 | L18: 1429 | M18: 900 | N18: 553 | O18: 487 | P18: 1043 | Q18: 1014 | R18: 1040 | S18: 911 | T18: 820 | U18: 904 | V18: 1035 | W18: 1119 | X18: 1295 | Y18: 1012 | Z18: 1056 | AA18: 913 | AB18: 1180 | AC18: 1349 | AD18: 1844 | AE18: 1841 | AF18: 1080 | AG18: 1123 | AH18: 1852 | AI18: 1131 | AJ18: 2015 | AK18: 1312 | AL18: 741 | AM18: 665 | AN18: 1112 | AO18: 839 | AP18: 1373 | AQ18: 1288 | AR18: 2007 | AS18: 1538 | AT18: 2226 | AU18: 1704 | AV18: 2356 | AW18: 2211 | AX18: 1153 | AY18: 1478 | AZ18: 1748 | BA18: 1997 | BB18: 2699 | BC18: 2237 | BD18: 1743 | BE18: 1459 | BF18: 2516 | BG18: 2038 | BH18: 2577 | BI18: 2502 | BJ18: 1572 | BK18: 1980 | BL18: 2853 | BM18: 2291 | BN18: 3869 | BO18: 3459 | BP18: 2055 | BQ18: 1388 | BR18: 2712 | BS18: 2637 | BT18: 3433 | BU18: 3054 | BV18: 381 | BW18: 261 | BX18: 413 | BY18: 434 | BZ18: 596 | CA18: 573 | CB18: 553 | CC18: 682 | CD18: 1122 | CE18: 1098 | CF18: 915 | CG18: 1027 | CH18: 657 | CI18: 576 | CJ18: 1136 | CK18: 981 | CL18: 1120 | CM18: 900 | CN18: 750 | CO18: 785 | CP18: 1107 | CQ18: 1098 | CR18: 1425 | CS18: 1131 | CT18: 1032 | CU18: 838 | CV18: 1262 | CW18: 1125 | CX18: 1323 | CY18: 1511 | CZ18: 1175 | DA18: 865 | DB18: 1636 | DC18: 1330 | DD18: 1755 | DE18: 1421 | DF18: 700 | DG18: 643 | DH18: 1000 | DI18: 1095 | DJ18: 1277 | DK18: 1294 | DL18: 2037 | DM18: 1480 | DN18: 1939 | DO18: 1766 | DP18: 2670 | DQ18: 2006 | DR18: 1214 | DS18: 1150 | DT18: 1831 | DU18: 2073 | DV18: 2250 | DW18: 2458 | DX18: 1797 | DY18: 1635 | DZ18: 2279 | EA18: 1848 | EB18: 2794 | EC18: 2494 | ED18: 1483 | EE18: 1625 | EF18: 3003 | EG18: 2775 | EH18: 3853 | EI18: 3742 | EJ18: 2227 | EK18: 1541 | EL18: 3387 | EM18: 2614 | EN18: 3841 | EO18: 3278 | EP18: 441 | EQ18: 304 | ER18: 585 | ES18: 471 | ET18: 640 | EU18: 700 | EV18: 784 | EW18: 952 | EX18: 1171 | EY18: 826 | EZ18: 1061 | FA18: 1256 | FB18: 373 | FC18: 470 | FD18: 772 | FE18: 1101 | FF18: 1178 | FG18: 1098 | FH18: 614 | FI18: 648 | FJ18: 1084 | FK18: 921 | FL18: 1225 | FM18: 1259 | FN18: 832 | FO18: 563 | FP18: 1522 | FQ18: 1332 | FR18: 1813 | FS18: 1559 | FT18: 1013 | FU18: 805 | FV18: 1332 | FW18: 1270 | FX18: 1620 | FY18: 1563 | FZ18: 561 | GA18: 679 | GB18: 1162 | GC18: 873 | GD18: 1342 | GE18: 1316 | GF18: 1587 | GG18: 1278 | GH18: 2105 | GI18: 1832 | GJ18: 2551 | GK18: 2178 | GL18: 1201 | GM18: 1267 | GN18: 2098 | GO18: 1975 | GP18: 2662 | GQ18: 2551 | GR18: 1961 | GS18: 1570 | GT18: 2256 | GU18: 2013 | GV18: 2905 | GW18: 2279 | GX18: 1755 | GY18: 1741 | GZ18: 3097 | HA18: 2887 | HB18: 3544 | HC18: 3864 | HD18: 2020 | HE18: 1758 | HF18: 3148 | HG18: 2859 | HH18: 3986 | HI18: 3426 | HJ18: 218 | HK18: 341 | HL18: 464 | HM18: 543 | HN18: 671 | HO18: 607 | HP18: 664 | HQ18: 740 | HR18: 1154 | HS18: 1027 | HT18: 1242 | HU18: 927 | HV18: 726 | HW18: 663 | HX18: 999 | HY18: 853 | HZ18: 693 | IA18: 1445 | IB18: 1183 | IC18: 948 | ID18: 1276 | IE18: 854 | IF18: 1396 | IG18: 1129 | IH18: 945 | II18: 886 | IJ18: 1280 | IK18: 1444 | IL18: 1787 | IM18: 1920 | IN18: 1159 | IO18: 932 | IP18: 1730 | IQ18: 1232 | IR18: 1741 | IS18: 1688 | IT18: 719 | IU18: 571 | IV18: 891 | IW18: 860 | IX18: 1254 | IY18: 1399 | IZ18: 1969 | JA18: 1200 | JB18: 1995 | JC18: 1756 | JD18: 2020 | JE18: 2029 | JF18: 1164 | JG18: 1181 | JH18: 2235 | JI18: 1875 | JJ18: 2630 | JK18: 2295 | JL18: 1849 | JM18: 1553 | JN18: 2521 | JO18: 2004 | JP18: 2767 | JQ18: 2365 | JR18: 1560 | JS18: 1593 | JT18: 2946 | JU18: 3157 | JV18: 3938 | JW18: 3420 | JX18: 1767 | JY18: 1550 | JZ18: 3037 | KA18: 2793 | KB18: 3687 | KC18: 3285 | KD18: 289 | KE18: 368 | KF18: 485 | KG18: 461 | KH18: 677 | KI18: 618 | KJ18: 810 | KK18: 862 | KL18: 1211 | KM18: 1021 | KN18: 1112 | KO18: 1291 | KP18: 440 | KQ18: 522 | KR18: 786 | KS18: 908 | KT18: 1192 | KU18: 1225 | KV18: 1011 | KW18: 998 | KX18: 1253 | KY18: 1049 | KZ18: 1391 | LA18: 1007 | LB18: 850 | LC18: 967 | LD18: 1533 | LE18: 1194 | LF18: 1617 | LG18: 1499 | LH18: 1074 | LI18: 848 | LJ18: 1342 | LK18: 1281 | LL18: 1772 | LM18: 1755 | LN18: 579 | LO18: 711 | LP18: 1003 | LQ18: 979 | LR18: 1202 | LS18: 1113 | LT18: 1422 | LU18: 1156 | LV18: 2309 | LW18: 1946 | LX18: 2240 | LY18: 2080 | LZ18: 1146 | MA18: 1552 | MB18: 2102 | MC18: 2080 | MD18: 2169 | ME18: 2499 | MF18: 1929 | MG18: 1385 | MH18: 2324 | MI18: 2416 | MJ18: 2569 | MK18: 2639 | ML18: 1832 | MM18: 2002 | MN18: 3025 | MO18: 2767 | MP18: 3811 | MQ18: 4104 | MR18: 2064 | MS18: 1719 | MT18: 2852 | MU18: 2752 | MV18: 3906 | MW18: 3418
A19: 8 | B19: 440 | C19: 283 | D19: 473 | E19: 471 | F19: 591 | G19: 534 | H19: 1006 | I19: 973 | J19: 1067 | K19: 800 | L19: 1429 | M19: 900 | N19: 553 | O19: 487 | P19: 1043 | Q19: 1014 | R19: 1038 | S19: 910 | T19: 820 | U19: 904 | V19: 1035 | W19: 1110 | X19: 1303 | Y19: 1015 | Z19: 1056 | AA19: 913 | AB19: 1180 | AC19: 1346 | AD19: 1844 | AE19: 1841 | AF19: 1080 | AG19: 1123 | AH19: 1853 | AI19: 1136 | AJ19: 2015 | AK19: 1306 | AL19: 741 | AM19: 665 | AN19: 1111 | AO19: 839 | AP19: 1375 | AQ19: 1288 | AR19: 2007 | AS19: 1538 | AT19: 2226 | AU19: 1704 | AV19: 2356 | AW19: 2211 | AX19: 1153 | AY19: 1472 | AZ19: 1751 | BA19: 1997 | BB19: 2711 | BC19: 2229 | BD19: 1743 | BE19: 1459 | BF19: 2516 | BG19: 2038 | BH19: 2554 | BI19: 2512 | BJ19: 1573 | BK19: 2010 | BL19: 2853 | BM19: 2293 | BN19: 3870 | BO19: 3447 | BP19: 2058 | BQ19: 1388 | BR19: 2715 | BS19: 2646 | BT19: 3434 | BU19: 3032 | BV19: 381 | BW19: 261 | BX19: 413 | BY19: 434 | BZ19: 596 | CA19: 573 | CB19: 553 | CC19: 682 | CD19: 1122 | CE19: 1098 | CF19: 915 | CG19: 1027 | CH19: 657 | CI19: 576 | CJ19: 1137 | CK19: 979 | CL19: 1120 | CM19: 900 | CN19: 750 | CO19: 785 | CP19: 1107 | CQ19: 1098 | CR19: 1427 | CS19: 1140 | CT19: 1032 | CU19: 838 | CV19: 1262 | CW19: 1125 | CX19: 1323 | CY19: 1511 | CZ19: 1175 | DA19: 865 | DB19: 1637 | DC19: 1321 | DD19: 1754 | DE19: 1425 | DF19: 700 | DG19: 646 | DH19: 1000 | DI19: 1099 | DJ19: 1277 | DK19: 1288 | DL19: 2037 | DM19: 1480 | DN19: 1939 | DO19: 1766 | DP19: 2670 | DQ19: 2006 | DR19: 1214 | DS19: 1150 | DT19: 1829 | DU19: 2066 | DV19: 2250 | DW19: 2458 | DX19: 1797 | DY19: 1635 | DZ19: 2282 | EA19: 1861 | EB19: 2784 | EC19: 2485 | ED19: 1485 | EE19: 1625 | EF19: 3002 | EG19: 2763 | EH19: 3840 | EI19: 3745 | EJ19: 2228 | EK19: 1538 | EL19: 3385 | EM19: 2615 | EN19: 3841 | EO19: 3279 | EP19: 441 | EQ19: 304 | ER19: 585 | ES19: 471 | ET19: 640 | EU19: 694 | EV19: 784 | EW19: 952 | EX19: 1171 | EY19: 826 | EZ19: 1061 | FA19: 1256 | FB19: 373 | FC19: 470 | FD19: 773 | FE19: 1101 | FF19: 1180 | FG19: 1100 | FH19: 614 | FI19: 648 | FJ19: 1084 | FK19: 921 | FL19: 1218 | FM19: 1245 | FN19: 832 | FO19: 563 | FP19: 1522 | FQ19: 1334 | FR19: 1816 | FS19: 1559 | FT19: 1013 | FU19: 805 | FV19: 1334 | FW19: 1271 | FX19: 1621 | FY19: 1580 | FZ19: 561 | GA19: 679 | GB19: 1166 | GC19: 880 | GD19: 1342 | GE19: 1316 | GF19: 1587 | GG19: 1278 | GH19: 2105 | GI19: 1832 | GJ19: 2551 | GK19: 2178 | GL19: 1202 | GM19: 1267 | GN19: 2092 | GO19: 1972 | GP19: 2662 | GQ19: 2551 | GR19: 1961 | GS19: 1570 | GT19: 2261 | GU19: 2014 | GV19: 2924 | GW19: 2297 | GX19: 1757 | GY19: 1741 | GZ19: 3097 | HA19: 2880 | HB19: 3550 | HC19: 3864 | HD19: 2020 | HE19: 1768 | HF19: 3143 | HG19: 2858 | HH19: 3987 | HI19: 3404 | HJ19: 218 | HK19: 341 | HL19: 464 | HM19: 543 | HN19: 671 | HO19: 607 | HP19: 664 | HQ19: 740 | HR19: 1154 | HS19: 1027 | HT19: 1242 | HU19: 927 | HV19: 726 | HW19: 663 | HX19: 999 | HY19: 853 | HZ19: 693 | IA19: 1445 | IB19: 1183 | IC19: 948 | ID19: 1276 | IE19: 842 | IF19: 1396 | IG19: 1124 | IH19: 945 | II19: 886 | IJ19: 1278 | IK19: 1446 | IL19: 1787 | IM19: 1920 | IN19: 1159 | IO19: 932 | IP19: 1734 | IQ19: 1195 | IR19: 1739 | IS19: 1675 | IT19: 719 | IU19: 571 | IV19: 891 | IW19: 860 | IX19: 1258 | IY19: 1399 | IZ19: 1969 | JA19: 1200 | JB19: 1995 | JC19: 1756 | JD19: 2020 | JE19: 2029 | JF19: 1166 | JG19: 1181 | JH19: 2235 | JI19: 1875 | JJ19: 2630 | JK19: 2310 | JL19: 1849 | JM19: 1553 | JN19: 2516 | JO19: 2001 | JP19: 2756 | JQ19: 2331 | JR19: 1560 | JS19: 1591 | JT19: 2952 | JU19: 3157 | JV19: 3928 | JW19: 3420 | JX19: 1772 | JY19: 1553 | JZ19: 3042 | KA19: 2808 | KB19: 3699 | KC19: 3295 | KD19: 289 | KE19: 368 | KF19: 485 | KG19: 454 | KH19: 677 | KI19: 621 | KJ19: 810 | KK19: 862 | KL19: 1211 | KM19: 1021 | KN19: 1112 | KO19: 1291 | KP19: 440 | KQ19: 522 | KR19: 786 | KS19: 908 | KT19: 1192 | KU19: 1225 | KV19: 1011 | KW19: 998 | KX19: 1253 | KY19: 1049 | KZ19: 1394 | LA19: 1002 | LB19: 850 | LC19: 967 | LD19: 1534 | LE19: 1199 | LF19: 1617 | LG19: 1499 | LH19: 1074 | LI19: 848 | LJ19: 1340 | LK19: 1300 | LL19: 1775 | LM19: 1752 | LN19: 579 | LO19: 711 | LP19: 1000 | LQ19: 981 | LR19: 1200 | LS19: 1117 | LT19: 1422 | LU19: 1156 | LV19: 2309 | LW19: 1946 | LX19: 2240 | LY19: 2080 | LZ19: 1147 | MA19: 1552 | MB19: 2097 | MC19: 2080 | MD19: 2167 | ME19: 2499 | MF19: 1929 | MG19: 1385 | MH19: 2322 | MI19: 2416 | MJ19: 2585 | MK19: 2637 | ML19: 1832 | MM19: 2002 | MN19: 3021 | MO19: 2779 | MP19: 3811 | MQ19: 4104 | MR19: 2069 | MS19: 1719 | MT19: 2849 | MU19: 2740 | MV19: 3910 | MW19: 3449
A20: 9 | B20: 440 | C20: 283 | D20: 473 | E20: 466 | F20: 591 | G20: 534 | H20: 1006 | I20: 973 | J20: 1067 | K20: 800 | L20: 1429 | M20: 900 | N20: 553 | O20: 487 | P20: 1043 | Q20: 1014 | R20: 1039 | S20: 911 | T20: 820 | U20: 904 | V20: 1035 | W20: 1110 | X20: 1300 | Y20: 1000 | Z20: 1056 | AA20: 913 | AB20: 1180 | AC20: 1337 | AD20: 1845 | AE20: 1841 | AF20: 1080 | AG20: 1123 | AH20: 1849 | AI20: 1145 | AJ20: 2017 | AK20: 1311 | AL20: 741 | AM20: 665 | AN20: 1112 | AO20: 839 | AP20: 1376 | AQ20: 1288 | AR20: 2007 | AS20: 1538 | AT20: 2226 | AU20: 1704 | AV20: 2356 | AW20: 2211 | AX20: 1153 | AY20: 1473 | AZ20: 1750 | BA20: 1997 | BB20: 2713 | BC20: 2223 | BD20: 1743 | BE20: 1459 | BF20: 2516 | BG20: 2038 | BH20: 2571 | BI20: 2494 | BJ20: 1573 | BK20: 1992 | BL20: 2853 | BM20: 2282 | BN20: 3863 | BO20: 3469 | BP20: 2057 | BQ20: 1388 | BR20: 2711 | BS20: 2652 | BT20: 3427 | BU20: 3057 | BV20: 381 | BW20: 261 | BX20: 413 | BY20: 434 | BZ20: 596 | CA20: 573 | CB20: 553 | CC20: 682 | CD20: 1122 | CE20: 1098 | CF20: 915 | CG20: 1027 | CH20: 656 | CI20: 576 | CJ20: 1137 | CK20: 971 | CL20: 1120 | CM20: 900 | CN20: 750 | CO20: 785 | CP20: 1108 | CQ20: 1098 | CR20: 1426 | CS20: 1135 | CT20: 1032 | CU20: 838 | CV20: 1262 | CW20: 1125 | CX20: 1323 | CY20: 1511 | CZ20: 1175 | DA20: 865 | DB20: 1638 | DC20: 1314 | DD20: 1754 | DE20: 1435 | DF20: 700 | DG20: 643 | DH20: 1000 | DI20: 1087 | DJ20: 1277 | DK20: 1291 | DL20: 2037 | DM20: 1480 | DN20: 1939 | DO20: 1766 | DP20: 2670 | DQ20: 2006 | DR20: 1214 | DS20: 1150 | DT20: 1832 | DU20: 2069 | DV20: 2250 | DW20: 2458 | DX20: 1797 | DY20: 1635 | DZ20: 2283 | EA20: 1857 | EB20: 2803 | EC20: 2484 | ED20: 1488 | EE20: 1625 | EF20: 3006 | EG20: 2771 | EH20: 3851 | EI20: 3726 | EJ20: 2230 | EK20: 1519 | EL20: 3393 | EM20: 2620 | EN20: 3833 | EO20: 3281 | EP20: 441 | EQ20: 304 | ER20: 585 | ES20: 471 | ET20: 640 | EU20: 699 | EV20: 784 | EW20: 952 | EX20: 1171 | EY20: 826 | EZ20: 1061 | FA20: 1256 | FB20: 373 | FC20: 470 | FD20: 771 | FE20: 1101 | FF20: 1179 | FG20: 1094 | FH20: 614 | FI20: 648 | FJ20: 1084 | FK20: 921 | FL20: 1220 | FM20: 1256 | FN20: 832 | FO20: 563 | FP20: 1522 | FQ20: 1327 | FR20: 1808 | FS20: 1559 | FT20: 1012 | FU20: 805 | FV20: 1329 | FW20: 1271 | FX20: 1616 | FY20: 1561 | FZ20: 561 | GA20: 679 | GB20: 1160 | GC20: 879 | GD20: 1342 | GE20: 1316 | GF20: 1587 | GG20: 1278 | GH20: 2105 | GI20: 1832 | GJ20: 2551 | GK20: 2178 | GL20: 1201 | GM20: 1267 | GN20: 2092 | GO20: 1972 | GP20: 2662 | GQ20: 2551 | GR20: 1961 | GS20: 1570 | GT20: 2258 | GU20: 2013 | GV20: 2915 | GW20: 2269 | GX20: 1758 | GY20: 1741 | GZ20: 3097 | HA20: 2874 | HB20: 3544 | HC20: 3864 | HD20: 2023 | HE20: 1741 | HF20: 3149 | HG20: 2877 | HH20: 3985 | HI20: 3436 | HJ20: 218 | HK20: 341 | HL20: 464 | HM20: 545 | HN20: 671 | HO20: 607 | HP20: 664 | HQ20: 740 | HR20: 1154 | HS20: 1027 | HT20: 1242 | HU20: 927 | HV20: 726 | HW20: 663 | HX20: 999 | HY20: 853 | HZ20: 696 | IA20: 1445 | IB20: 1183 | IC20: 948 | ID20: 1276 | IE20: 847 | IF20: 1393 | IG20: 1128 | IH20: 945 | II20: 886 | IJ20: 1278 | IK20: 1453 | IL20: 1787 | IM20: 1920 | IN20: 1159 | IO20: 932 | IP20: 1727 | IQ20: 1235 | IR20: 1741 | IS20: 1697 | IT20: 719 | IU20: 571 | IV20: 890 | IW20: 860 | IX20: 1256 | IY20: 1399 | IZ20: 1969 | JA20: 1200 | JB20: 1995 | JC20: 1756 | JD20: 2020 | JE20: 2029 | JF20: 1164 | JG20: 1181 | JH20: 2235 | JI20: 1875 | JJ20: 2630 | JK20: 2293 | JL20: 1849 | JM20: 1553 | JN20: 2520 | JO20: 2016 | JP20: 2778 | JQ20: 2340 | JR20: 1560 | JS20: 1585 | JT20: 2950 | JU20: 3157 | JV20: 3943 | JW20: 3420 | JX20: 1768 | JY20: 1560 | JZ20: 3032 | KA20: 2821 | KB20: 3709 | KC20: 3250 | KD20: 289 | KE20: 368 | KF20: 485 | KG20: 459 | KH20: 676 | KI20: 617 | KJ20: 810 | KK20: 862 | KL20: 1211 | KM20: 1021 | KN20: 1112 | KO20: 1291 | KP20: 440 | KQ20: 522 | KR20: 786 | KS20: 908 | KT20: 1192 | KU20: 1225 | KV20: 1011 | KW20: 998 | KX20: 1253 | KY20: 1049 | KZ20: 1392 | LA20: 1009 | LB20: 850 | LC20: 967 | LD20: 1535 | LE20: 1192 | LF20: 1617 | LG20: 1499 | LH20: 1074 | LI20: 848 | LJ20: 1342 | LK20: 1285 | LL20: 1775 | LM20: 1757 | LN20: 579 | LO20: 711 | LP20: 1005 | LQ20: 977 | LR20: 1200 | LS20: 1104 | LT20: 1422 | LU20: 1156 | LV20: 2309 | LW20: 1946 | LX20: 2240 | LY20: 2080 | LZ20: 1147 | MA20: 1552 | MB20: 2096 | MC20: 2080 | MD20: 2160 | ME20: 2499 | MF20: 1929 | MG20: 1385 | MH20: 2325 | MI20: 2416 | MJ20: 2584 | MK20: 2630 | ML20: 1828 | MM20: 2002 | MN20: 3025 | MO20: 2780 | MP20: 3811 | MQ20: 4104 | MR20: 2068 | MS20: 1719 | MT20: 2844 | MU20: 2753 | MV20: 3900 | MW20: 3449
A21: 10 | B21: 440 | C21: 283 | D21: 473 | E21: 466 | F21: 591 | G21: 534 | H21: 1006 | I21: 973 | J21: 1067 | K21: 800 | L21: 1429 | M21: 900 | N21: 553 | O21: 487 | P21: 1043 | Q21: 1014 | R21: 1040 | S21: 911 | T21: 820 | U21: 904 | V21: 1035 | W21: 1110 | X21: 1298 | Y21: 1001 | Z21: 1056 | AA21: 913 | AB21: 1178 | AC21: 1346 | AD21: 1840 | AE21: 1841 | AF21: 1080 | AG21: 1123 | AH21: 1850 | AI21: 1126 | AJ21: 2016 | AK21: 1308 | AL21: 741 | AM21: 665 | AN21: 1108 | AO21: 839 | AP21: 1371 | AQ21: 1288 | AR21: 2007 | AS21: 1538 | AT21: 2226 | AU21: 1704 | AV21: 2356 | AW21: 2211 | AX21: 1153 | AY21: 1470 | AZ21: 1752 | BA21: 1997 | BB21: 2703 | BC21: 2230 | BD21: 1743 | BE21: 1459 | BF21: 2516 | BG21: 2038 | BH21: 2578 | BI21: 2492 | BJ21: 1573 | BK21: 1984 | BL21: 2853 | BM21: 2280 | BN21: 3867 | BO21: 3470 | BP21: 2059 | BQ21: 1388 | BR21: 2719 | BS21: 2677 | BT21: 3439 | BU21: 3055 | BV21: 381 | BW21: 261 | BX21: 413 | BY21: 434 | BZ21: 597 | CA21: 573 | CB21: 553 | CC21: 682 | CD21: 1122 | CE21: 1098 | CF21: 915 | CG21: 1027 | CH21: 657 | CI21: 576 | CJ21: 1137 | CK21: 971 | CL21: 1120 | CM21: 900 | CN21: 750 | CO21: 785 | CP21: 1107 | CQ21: 1098 | CR21: 1427 | CS21: 1129 | CT21: 1032 | CU21: 838 | CV21: 1262 | CW21: 1125 | CX21: 1323 | CY21: 1511 | CZ21: 1175 | DA21: 865 | DB21: 1638 | DC21: 1331 | DD21: 1755 | DE21: 1419 | DF21: 700 | DG21: 646 | DH21: 1000 | DI21: 1092 | DJ21: 1277 | DK21: 1294 | DL21: 2037 | DM21: 1480 | DN21: 1939 | DO21: 1766 | DP21: 2670 | DQ21: 2006 | DR21: 1214 | DS21: 1150 | DT21: 1832 | DU21: 2070 | DV21: 2250 | DW21: 2458 | DX21: 1797 | DY21: 1635 | DZ21: 2280 | EA21: 1859 | EB21: 2792 | EC21: 2493 | ED21: 1484 | EE21: 1625 | EF21: 2997 | EG21: 2780 | EH21: 3855 | EI21: 3750 | EJ21: 2221 | EK21: 1530 | EL21: 3384 | EM21: 2618 | EN21: 3833 | EO21: 3286 | EP21: 441 | EQ21: 304 | ER21: 585 | ES21: 471 | ET21: 640 | EU21: 694 | EV21: 784 | EW21: 952 | EX21: 1171 | EY21: 826 | EZ21: 1061 | FA21: 1256 | FB21: 373 | FC21: 470 | FD21: 772 | FE21: 1101 | FF21: 1179 | FG21: 1100 | FH21: 614 | FI21: 648 | FJ21: 1084 | FK21: 921 | FL21: 1219 | FM21: 1243 | FN21: 832 | FO21: 563 | FP21: 1522 | FQ21: 1334 | FR21: 1807 | FS21: 1559 | FT21: 1009 | FU21: 805 | FV21: 1331 | FW21: 1273 | FX21: 1618 | FY21: 1567 | FZ21: 561 | GA21: 679 | GB21: 1163 | GC21: 872 | GD21: 1342 | GE21: 1316 | GF21: 1587 | GG21: 1278 | GH21: 2105 | GI21: 1832 | GJ21: 2551 | GK21: 2178 | GL21: 1201 | GM21: 1271 | GN21: 2092 | GO21: 1980 | GP21: 2662 | GQ21: 2551 | GR21: 1961 | GS21: 1570 | GT21: 2263 | GU21: 2013 | GV21: 2916 | GW21: 2289 | GX21: 1753 | GY21: 1741 | GZ21: 3097 | HA21: 2878 | HB21: 3553 | HC21: 3864 | HD21: 2021 | HE21: 1756 | HF21: 3150 | HG21: 2869 | HH21: 3985 | HI21: 3417 | HJ21: 218 | HK21: 341 | HL21: 464 | HM21: 543 | HN21: 671 | HO21: 607 | HP21: 664 | HQ21: 740 | HR21: 1154 | HS21: 1027 | HT21: 1242 | HU21: 927 | HV21: 726 | HW21: 663 | HX21: 999 | HY21: 853 | HZ21: 694 | IA21: 1445 | IB21: 1183 | IC21: 948 | ID21: 1276 | IE21: 850 | IF21: 1393 | IG21: 1131 | IH21: 945 | II21: 886 | IJ21: 1278 | IK21: 1443 | IL21: 1787 | IM21: 1920 | IN21: 1159 | IO21: 932 | IP21: 1732 | IQ21: 1244 | IR21: 1742 | IS21: 1685 | IT21: 719 | IU21: 571 | IV21: 892 | IW21: 860 | IX21: 1256 | IY21: 1399 | IZ21: 1969 | JA21: 1200 | JB21: 1995 | JC21: 1756 | JD21: 2019 | JE21: 2029 | JF21: 1166 | JG21: 1181 | JH21: 2235 | JI21: 1875 | JJ21: 2630 | JK21: 2303 | JL21: 1849 | JM21: 1553 | JN21: 2518 | JO21: 1996 | JP21: 2770 | JQ21: 2340 | JR21: 1560 | JS21: 1591 | JT21: 2954 | JU21: 3157 | JV21: 3924 | JW21: 3420 | JX21: 1770 | JY21: 1539 | JZ21: 3033 | KA21: 2794 | KB21: 3701 | KC21: 3257 | KD21: 289 | KE21: 368 | KF21: 485 | KG21: 453 | KH21: 676 | KI21: 626 | KJ21: 810 | KK21: 862 | KL21: 1211 | KM21: 1021 | KN21: 1112 | KO21: 1291 | KP21: 440 | KQ21: 522 | KR21: 786 | KS21: 908 | KT21: 1192 | KU21: 1225 | KV21: 1011 | KW21: 998 | KX21: 1253 | KY21: 1049 | KZ21: 1395 | LA21: 995 | LB21: 850 | LC21: 967 | LD21: 1533 | LE21: 1195 | LF21: 1617 | LG21: 1499 | LH21: 1074 | LI21: 848 | LJ21: 1340 | LK21: 1285 | LL21: 1774 | LM21: 1766 | LN21: 579 | LO21: 711 | LP21: 1005 | LQ21: 981 | LR21: 1200 | LS21: 1118 | LT21: 1422 | LU21: 1156 | LV21: 2309 | LW21: 1946 | LX21: 2240 | LY21: 2080 | LZ21: 1146 | MA21: 1552 | MB21: 2096 | MC21: 2080 | MD21: 2164 | ME21: 2499 | MF21: 1929 | MG21: 1385 | MH21: 2324 | MI21: 2416 | MJ21: 2582 | MK21: 2638 | ML21: 1834 | MM21: 2002 | MN21: 3019 | MO21: 2769 | MP21: 3811 | MQ21: 4104 | MR21: 2071 | MS21: 1719 | MT21: 2852 | MU21: 2773 | MV21: 3910 | MW21: 3452
A22: 11 | B22: 440 | C22: 283 | D22: 473 | E22: 472 | F22: 591 | G22: 534 | H22: 1006 | I22: 973 | J22: 1067 | K22: 800 | L22: 1429 | M22: 900 | N22: 553 | O22: 487 | P22: 1043 | Q22: 1014 | R22: 1040 | S22: 913 | T22: 820 | U22: 904 | V22: 1035 | W22: 1110 | X22: 1295 | Y22: 1005 | Z22: 1058 | AA22: 913 | AB22: 1178 | AC22: 1348 | AD22: 1841 | AE22: 1841 | AF22: 1080 | AG22: 1123 | AH22: 1854 | AI22: 1136 | AJ22: 2015 | AK22: 1323 | AL22: 741 | AM22: 665 | AN22: 1111 | AO22: 839 | AP22: 1373 | AQ22: 1288 | AR22: 2007 | AS22: 1538 | AT22: 2226 | AU22: 1704 | AV22: 2356 | AW22: 2211 | AX22: 1153 | AY22: 1460 | AZ22: 1752 | BA22: 1997 | BB22: 2706 | BC22: 2237 | BD22: 1743 | BE22: 1459 | BF22: 2517 | BG22: 2041 | BH22: 2585 | BI22: 2508 | BJ22: 1574 | BK22: 1980 | BL22: 2853 | BM22: 2290 | BN22: 3866 | BO22: 3471 | BP22: 2058 | BQ22: 1388 | BR22: 2709 | BS22: 2646 | BT22: 3433 | BU22: 3054 | BV22: 381 | BW22: 261 | BX22: 413 | BY22: 434 | BZ22: 598 | CA22: 573 | CB22: 553 | CC22: 682 | CD22: 1122 | CE22: 1098 | CF22: 915 | CG22: 1027 | CH22: 656 | CI22: 576 | CJ22: 1137 | CK22: 971 | CL22: 1120 | CM22: 900 | CN22: 750 | CO22: 785 | CP22: 1108 | CQ22: 1098 | CR22: 1423 | CS22: 1143 | CT22: 1032 | CU22: 838 | CV22: 1262 | CW22: 1125 | CX22: 1323 | CY22: 1511 | CZ22: 1175 | DA22: 865 | DB22: 1641 | DC22: 1323 | DD22: 1758 | DE22: 1419 | DF22: 700 | DG22: 643 | DH22: 1000 | DI22: 1087 | DJ22: 1277 | DK22: 1289 | DL22: 2037 | DM22: 1480 | DN22: 1939 | DO22: 1766 | DP22: 2670 | DQ22: 2006 | DR22: 1214 | DS22: 1150 | DT22: 1834 | DU22: 2070 | DV22: 2250 | DW22: 2458 | DX22: 1797 | DY22: 1635 | DZ22: 2279 | EA22: 1849 | EB22: 2786 | EC22: 2490 | ED22: 1485 | EE22: 1625 | EF22: 3005 | EG22: 2749 | EH22: 3848 | EI22: 3746 | EJ22: 2231 | EK22: 1541 | EL22: 3392 | EM22: 2633 | EN22: 3844 | EO22: 3270 | EP22: 441 | EQ22: 304 | ER22: 585 | ES22: 471 | ET22: 640 | EU22: 695 | EV22: 784 | EW22: 952 | EX22: 1171 | EY22: 826 | EZ22: 1061 | FA22: 1256 | FB22: 373 | FC22: 470 | FD22: 771 | FE22: 1101 | FF22: 1179 | FG22: 1094 | FH22: 614 | FI22: 648 | FJ22: 1084 | FK22: 921 | FL22: 1221 | FM22: 1256 | FN22: 832 | FO22: 563 | FP22: 1522 | FQ22: 1332 | FR22: 1808 | FS22: 1559 | FT22: 1014 | FU22: 805 | FV22: 1332 | FW22: 1270 | FX22: 1619 | FY22: 1567 | FZ22: 561 | GA22: 679 | GB22: 1165 | GC22: 873 | GD22: 1342 | GE22: 1316 | GF22: 1587 | GG22: 1278 | GH22: 2105 | GI22: 1832 | GJ22: 2551 | GK22: 2178 | GL22: 1202 | GM22: 1270 | GN22: 2089 | GO22: 1983 | GP22: 2662 | GQ22: 2551 | GR22: 1961 | GS22: 1570 | GT22: 2257 | GU22: 2013 | GV22: 2878 | GW22: 2301 | GX22: 1753 | GY22: 1741 | GZ22: 3097 | HA22: 2915 | HB22: 3539 | HC22: 3864 | HD22: 2023 | HE22: 1748 | HF22: 3152 | HG22: 2853 | HH22: 3983 | HI22: 3443 | HJ22: 218 | HK22: 341 | HL22: 464 | HM22: 543 | HN22: 671 | HO22: 607 | HP22: 664 | HQ22: 740 | HR22: 1154 | HS22: 1027 | HT22: 1242 | HU22: 927 | HV22: 726 | HW22: 663 | HX22: 999 | HY22: 853 | HZ22: 694 | IA22: 1445 | IB22: 1183 | IC22: 948 | ID22: 1276 | IE22: 849 | IF22: 1397 | IG22: 1131 | IH22: 945 | II22: 888 | IJ22: 1280 | IK22: 1449 | IL22: 1787 | IM22: 1920 | IN22: 1159 | IO22: 932 | IP22: 1731 | IQ22: 1223 | IR22: 1741 | IS22: 1694 | IT22: 719 | IU22: 571 | IV22: 894 | IW22: 860 | IX22: 1258 | IY22: 1399 | IZ22: 1969 | JA22: 1200 | JB22: 1995 | JC22: 1756 | JD22: 2019 | JE22: 2029 | JF22: 1164 | JG22: 1181 | JH22: 2235 | JI22: 1875 | JJ22: 2630 | JK22: 2292 | JL22: 1849 | JM22: 1553 | JN22: 2517 | JO22: 1995 | JP22: 2769 | JQ22: 2328 | JR22: 1560 | JS22: 1595 | JT22: 2945 | JU22: 3157 | JV22: 3933 | JW22: 3422 | JX22: 1770 | JY22: 1559 | JZ22: 3040 | KA22: 2786 | KB22: 3701 | KC22: 3294 | KD22: 289 | KE22: 368 | KF22: 485 | KG22: 454 | KH22: 677 | KI22: 617 | KJ22: 810 | KK22: 862 | KL22: 1211 | KM22: 1021 | KN22: 1112 | KO22: 1291 | KP22: 440 | KQ22: 522 | KR22: 786 | KS22: 908 | KT22: 1192 | KU22: 1225 | KV22: 1011 | KW22: 998 | KX22: 1253 | KY22: 1049 | KZ22: 1397 | LA22: 1002 | LB22: 850 | LC22: 967 | LD22: 1537 | LE22: 1199 | LF22: 1617 | LG22: 1499 | LH22: 1074 | LI22: 848 | LJ22: 1345 | LK22: 1285 | LL22: 1771 | LM22: 1751 | LN22: 579 | LO22: 711 | LP22: 1003 | LQ22: 977 | LR22: 1197 | LS22: 1111 | LT22: 1422 | LU22: 1156 | LV22: 2309 | LW22: 1946 | LX22: 2240 | LY22: 2080 | LZ22: 1146 | MA22: 1552 | MB22: 2105 | MC22: 2080 | MD22: 2170 | ME22: 2499 | MF22: 1929 | MG22: 1385 | MH22: 2326 | MI22: 2416 | MJ22: 2583 | MK22: 2636 | ML22: 1833 | MM22: 2002 | MN22: 3022 | MO22: 2746 | MP22: 3811 | MQ22: 4104 | MR22: 2071 | MS22: 1719 | MT22: 2843 | MU22: 2732 | MV22: 3905 | MW22: 3474
A23: 12 | B23: 440 | C23: 283 | D23: 473 | E23: 464 | F23: 591 | G23: 534 | H23: 1006 | I23: 973 | J23: 1067 | K23: 800 | L23: 1429 | M23: 900 | N23: 553 | O23: 487 | P23: 1042 | Q23: 1014 | R23: 1039 | S23: 909 | T23: 820 | U23: 904 | V23: 1035 | W23: 1110 | X23: 1294 | Y23: 1003 | Z23: 1056 | AA23: 913 | AB23: 1179 | AC23: 1348 | AD23: 1843 | AE23: 1841 | AF23: 1080 | AG23: 1123 | AH23: 1849 | AI23: 1137 | AJ23: 2017 | AK23: 1318 | AL23: 741 | AM23: 665 | AN23: 1108 | AO23: 839 | AP23: 1376 | AQ23: 1288 | AR23: 2007 | AS23: 1538 | AT23: 2226 | AU23: 1704 | AV23: 2356 | AW23: 2211 | AX23: 1153 | AY23: 1478 | AZ23: 1755 | BA23: 1997 | BB23: 2696 | BC23: 2215 | BD23: 1743 | BE23: 1459 | BF23: 2516 | BG23: 2038 | BH23: 2591 | BI23: 2521 | BJ23: 1576 | BK23: 1996 | BL23: 2853 | BM23: 2283 | BN23: 3868 | BO23: 3468 | BP23: 2058 | BQ23: 1388 | BR23: 2717 | BS23: 2678 | BT23: 3434 | BU23: 3053 | BV23: 381 | BW23: 261 | BX23: 413 | BY23: 434 | BZ23: 597 | CA23: 573 | CB23: 553 | CC23: 682 | CD23: 1122 | CE23: 1098 | CF23: 915 | CG23: 1027 | CH23: 656 | CI23: 576 | CJ23: 1137 | CK23: 971 | CL23: 1120 | CM23: 900 | CN23: 750 | CO23: 785 | CP23: 1107 | CQ23: 1098 | CR23: 1425 | CS23: 1128 | CT23: 1032 | CU23: 838 | CV23: 1262 | CW23: 1125 | CX23: 1323 | CY23: 1511 | CZ23: 1175 | DA23: 865 | DB23: 1642 | DC23: 1314 | DD23: 1756 | DE23: 1422 | DF23: 700 | DG23: 644 | DH23: 1000 | DI23: 1097 | DJ23: 1277 | DK23: 1297 | DL23: 2037 | DM23: 1480 | DN23: 1939 | DO23: 1766 | DP23: 2670 | DQ23: 2006 | DR23: 1214 | DS23: 1150 | DT23: 1834 | DU23: 2062 | DV23: 2250 | DW23: 2458 | DX23: 1797 | DY23: 1635 | DZ23: 2284 | EA23: 1823 | EB23: 2807 | EC23: 2457 | ED23: 1489 | EE23: 1625 | EF23: 3006 | EG23: 2765 | EH23: 3850 | EI23: 3726 | EJ23: 2225 | EK23: 1525 | EL23: 3388 | EM23: 2611 | EN23: 3834 | EO23: 3297 | EP23: 441 | EQ23: 304 | ER23: 585 | ES23: 471 | ET23: 640 | EU23: 694 | EV23: 784 | EW23: 952 | EX23: 1171 | EY23: 826 | EZ23: 1061 | FA23: 1256 | FB23: 373 | FC23: 470 | FD23: 772 | FE23: 1101 | FF23: 1179 | FG23: 1098 | FH23: 614 | FI23: 648 | FJ23: 1084 | FK23: 921 | FL23: 1223 | FM23: 1250 | FN23: 832 | FO23: 563 | FP23: 1522 | FQ23: 1326 | FR23: 1808 | FS23: 1559 | FT23: 1012 | FU23: 805 | FV23: 1334 | FW23: 1276 | FX23: 1620 | FY23: 1586 | FZ23: 561 | GA23: 679 | GB23: 1164 | GC23: 868 | GD23: 1342 | GE23: 1316 | GF23: 1587 | GG23: 1278 | GH23: 2105 | GI23: 1832 | GJ23: 2551 | GK23: 2178 | GL23: 1202 | GM23: 1271 | GN23: 2095 | GO23: 1973 | GP23: 2662 | GQ23: 2551 | GR23: 1961 | GS23: 1570 | GT23: 2259 | GU23: 2013 | GV23: 2912 | GW23: 2275 | GX23: 1756 | GY23: 1741 | GZ23: 3097 | HA23: 2883 | HB23: 3537 | HC23: 3864 | HD23: 2021 | HE23: 1762 | HF23: 3136 | HG23: 2865 | HH23: 3987 | HI23: 3426 | HJ23: 218 | HK23: 341 | HL23: 464 | HM23: 543 | HN23: 671 | HO23: 607 | HP23: 664 | HQ23: 740 | HR23: 1154 | HS23: 1027 | HT23: 1242 | HU23: 927 | HV23: 726 | HW23: 663 | HX23: 999 | HY23: 853 | HZ23: 694 | IA23: 1445 | IB23: 1183 | IC23: 948 | ID23: 1276 | IE23: 841 | IF23: 1395 | IG23: 1131 | IH23: 945 | II23: 885 | IJ23: 1280 | IK23: 1439 | IL23: 1787 | IM23: 1920 | IN23: 1159 | IO23: 932 | IP23: 1727 | IQ23: 1237 | IR23: 1748 | IS23: 1700 | IT23: 719 | IU23: 571 | IV23: 891 | IW23: 860 | IX23: 1254 | IY23: 1399 | IZ23: 1969 | JA23: 1200 | JB23: 1995 | JC23: 1756 | JD23: 2023 | JE23: 2029 | JF23: 1164 | JG23: 1181 | JH23: 2235 | JI23: 1875 | JJ23: 2630 | JK23: 2311 | JL23: 1849 | JM23: 1553 | JN23: 2516 | JO23: 2004 | JP23: 2765 | JQ23: 2362 | JR23: 1560 | JS23: 1594 | JT23: 2953 | JU23: 3157 | JV23: 3936 | JW23: 3420 | JX23: 1771 | JY23: 1565 | JZ23: 3040 | KA23: 2820 | KB23: 3701 | KC23: 3255 | KD23: 289 | KE23: 368 | KF23: 485 | KG23: 459 | KH23: 676 | KI23: 628 | KJ23: 810 | KK23: 862 | KL23: 1211 | KM23: 1021 | KN23: 1112 | KO23: 1291 | KP23: 440 | KQ23: 522 | KR23: 786 | KS23: 908 | KT23: 1192 | KU23: 1225 | KV23: 1011 | KW23: 998 | KX23: 1253 | KY23: 1049 | KZ23: 1396 | LA23: 1001 | LB23: 850 | LC23: 967 | LD23: 1534 | LE23: 1194 | LF23: 1617 | LG23: 1499 | LH23: 1074 | LI23: 848 | LJ23: 1341 | LK23: 1281 | LL23: 1772 | LM23: 1760 | LN23: 579 | LO23: 711 | LP23: 1004 | LQ23: 977 | LR23: 1195 | LS23: 1104 | LT23: 1422 | LU23: 1156 | LV23: 2309 | LW23: 1946 | LX23: 2240 | LY23: 2080 | LZ23: 1147 | MA23: 1552 | MB23: 2107 | MC23: 2080 | MD23: 2174 | ME23: 2499 | MF23: 1929 | MG23: 1385 | MH23: 2314 | MI23: 2416 | MJ23: 2587 | MK23: 2636 | ML23: 1835 | MM23: 2002 | MN23: 3020 | MO23: 2757 | MP23: 3811 | MQ23: 4104 | MR23: 2070 | MS23: 1719 | MT23: 2848 | MU23: 2780 | MV23: 3900 | MW23: 3431
... A72: 30 | B72: 0.426 | C72: 0 | D72: 0.721 | E72: 0.985 | F72: 0.001 | G72: 1.519 | H72: 0.001 | I72: 0.002 | J72: 0.01 | K72: 0.006 | L72: 0.042 | M72: 0.012 | N72: 0.729 | O72: 0.82 | P72: 2.061 | Q72: 0 | R72: 3.251 | S72: 2.959 | T72: 0.001 | U72: 0.004 | V72: 1.021 | W72: 2.495 | X72: 3.675 | Y72: 5.046 | Z72: 1.783 | AA72: 2.098 | AB72: 4.301 | AC72: 3.776 | AD72: 4.728 | AE72: 0.001 | AF72: 2.144 | AG72: 2.257 | AH72: 5.126 | AI72: 5.553 | AJ72: 5.904 | AK72: 8.428 | AL72: 0 | AM72: 0.015 | AN72: 7.155 | AO72: 0.093 | AP72: 8.904 | AQ72: 0.032 | AR72: 0 | AS72: 0 | AT72: 0.297 | AU72: 0.015 | AV72: 1.437 | AW72: 0.797 | AX72: 0 | AY72: 7.748 | AZ72: 22.87 | BA72: 3.124 | BB72: 31.305 | BC72: 28.727 | BD72: 0.078 | BE72: 0.14 | BF72: 4.03 | BG72: 12.731 | BH72: 44.645 | BI72: 76.261 | BJ72: 11.919 | BK72: 21.355 | BL72: 0.015 | BM72: 40.241 | BN72: 54.222 | BO72: 52.488 | BP72: 25.509 | BQ72: 4.734 | BR72: 53.925 | BS72: 53.643 | BT72: 76.888 | BU72: 79.528 | BV72: 0.102 | BW72: 0.001 | BX72: 0.687 | BY72: 1.028 | BZ72: 1.123 | CA72: 1.152 | CB72: 0.002 | CC72: 0.003 | CD72: 0.001 | CE72: 0.001 | CF72: 0.13 | CG72: 0.005 | CH72: 0.957 | CI72: 0 | CJ72: 1.792 | CK72: 2.234 | CL72: 0 | CM72: 0 | CN72: 0.001 | CO72: 0.015 | CP72: 3.607 | CQ72: 0.039 | CR72: 4.949 | CS72: 3.92 | CT72: 0 | CU72: 0 | CV72: 0 | CW72: 0.01 | CX72: 0.001 | CY72: 0.443 | CZ72: 0.003 | DA72: 0.031 | DB72: 7.229 | DC72: 7.498 | DD72: 7.978 | DE72: 8.76 | DF72: 0.078 | DG72: 3.171 | DH72: 0.062 | DI72: 8.826 | DJ72: 0.015 | DK72: 10.779 | DL72: 0 | DM72: 0 | DN72: 0 | DO72: 0.14 | DP72: 0.406 | DQ72: 0.062 | DR72: 0 | DS72: 0 | DT72: 22.198 | DU72: 15.637 | DV72: 0 | DW72: 0 | DX72: 0.109 | DY72: 0 | DZ72: 36.57 | EA72: 59.33 | EB72: 71.124 | EC72: 69.499 | ED72: 13.825 | EE72: 0.157 | EF72: 45.927 | EG72: 33.617 | EH72: 52.456 | EI72: 53.832 | EJ72: 24.01 | EK72: 30.868 | EL72: 49.097 | EM72: 59.377 | EN72: 90.588 | EO72: 84.34 | EP72: 0.217 | EQ72: 0.004 | ER72: 0.685 | ES72: 0.056 | ET72: 0.95 | EU72: 1.456 | EV72: 0.001 | EW72: 0.002 | EX72: 0.002 | EY72: 0.002 | EZ72: 0.261 | FA72: 0.004 | FB72: 0.033 | FC72: 1.245 | FD72: 1.939 | FE72: 0 | FF72: 2.879 | FG72: 4.845 | FH72: 0.002 | FI72: 0.005 | FJ72: 0.047 | FK72: 0.02 | FL72: 5.638 | FM72: 4.465 | FN72: 0 | FO72: 1.509 | FP72: 0 | FQ72: 5.243 | FR72: 6.606 | FS72: 2.334 | FT72: 1.771 | FU72: 1.885 | FV72: 5.489 | FW72: 4.61 | FX72: 8.571 | FY72: 7.986 | FZ72: 2.297 | GA72: 0.047 | GB72: 8.264 | GC72: 8.92 | GD72: 0 | GE72: 0.109 | GF72: 0 | GG72: 0 | GH72: 0.015 | GI72: 0.031 | GJ72: 2.453 | GK72: 0.094 | GL72: 7.17 | GM72: 8.373 | GN72: 23.869 | GO72: 22.292 | GP72: 0 | GQ72: 0 | GR72: 0 | GS72: 0.047 | GT72: 44.162 | GU72: 3.405 | GV72: 57.346 | GW72: 62.985 | GX72: 13.06 | GY72: 0 | GZ72: 0 | HA72: 34.976 | HB72: 51.41 | HC72: 0 | HD72: 20.089 | HE72: 25.759 | HF72: 49.097 | HG72: 55.456 | HH72: 74.107 | HI72: 79.841 | HJ72: 0.027 | HK72: 0.126 | HL72: 0.84 | HM72: 0.784 | HN72: 0.992 | HO72: 0.001 | HP72: 0.001 | HQ72: 0.002 | HR72: 0.004 | HS72: 0.009 | HT72: 0.006 | HU72: 0.005 | HV72: 0 | HW72: 1.029 | HX72: 1.801 | HY72: 0 | HZ72: 2.825 | IA72: 0.001 | IB72: 0.004 | IC72: 0.002 | ID72: 0.003 | IE72: 3.015 | IF72: 4.607 | IG72: 4.711 | IH72: 0.005 | II72: 3.363 | IJ72: 5.168 | IK72: 4.226 | IL72: 0.001 | IM72: 0.001 | IN72: 0.002 | IO72: 0.344 | IP72: 6.218 | IQ72: 5.526 | IR72: 7.347 | IS72: 8.619 | IT72: 0.031 | IU72: 2.468 | IV72: 7.264 | IW72: 0.109 | IX72: 7.701 | IY72: 0.015 | IZ72: 0 | JA72: 0 | JB72: 0 | JC72: 0.015 | JD72: 6.998 | JE72: 0.203 | JF72: 8.248 | JG72: 0 | JH72: 0 | JI72: 0 | JJ72: 0.015 | JK72: 27.306 | JL72: 0 | JM72: 0.046 | JN72: 35.289 | JO72: 43.802 | JP72: 45.958 | JQ72: 45.52 | JR72: 0 | JS72: 19.089 | JT72: 31.211 | JU72: 0 | JV72: 52.472 | JW72: 7.873 | JX72: 28.821 | JY72: 22.885 | JZ72: 49.769 | KA72: 53.862 | KB72: 79.312 | KC72: 77.513 | KD72: 0 | KE72: 0.477 | KF72: 0.015 | KG72: 0.739 | KH72: 1.573 | KI72: 1.798 | KJ72: 0.002 | KK72: 0.001 | KL72: 0.002 | KM72: 0.003 | KN72: 0.146 | KO72: 0.008 | KP72: 0 | KQ72: 1.613 | KR72: 1.495 | KS72: 3.622 | KT72: 0 | KU72: 0 | KV72: 0.001 | KW72: 0.002 | KX72: 0.05 | KY72: 0.013 | KZ72: 5.145 | LA72: 5.265 | LB72: 1.596 | LC72: 0 | LD72: 3.414 | LE72: 4.007 | LF72: 0 | LG72: 0 | LH72: 0.005 | LI72: 2.234 | LJ72: 5.114 | LK72: 5.379 | LL72: 8.118 | LM72: 8.739 | LN72: 0.031 | LO72: 0.015 | LP72: 8.03 | LQ72: 6.077 | LR72: 9.279 | LS72: 9.201 | LT72: 0.015 | LU72: 0 | LV72: 0.078 | LW72: 0.015 | LX72: 5.577 | LY72: 0.296 | LZ72: 8.498 | MA72: 0 | MB72: 18.636 | MC72: 0.016 | MD72: 25.057 | ME72: 0 | MF72: 0 | MG72: 0 | MH72: 35.429 | MI72: 0.203 | MJ72: 50.988 | MK72: 56.065 | ML72: 15.778 | MM72: 0 | MN72: 33.039 | MO72: 38.569 | MP72: 0 | MQ72: 0 | MR72: 19.37 | MS72: 1.906 | MT72: 47.395 | MU72: 52.941 | MV72: 90.807 | MW72: 89.088
A74: RPD
A75: 1 | B75: =(B12-B$11)/B$11*100 -> 1.1494253 | C75: =(C12-C$11)/C$11*100 -> 0 | D75: =(D12-D$11)/D$11*100 -> 0.21186441 | E75: =(E12-E$11)/E$11*100 -> 6.6513761 | F75: =(F12-F$11)/F$11*100 -> 0 | G75: =(G12-G$11)/G$11*100 -> 2.1032505 | H75: =(H12-H$11)/H$11*100 -> 0 | I75: =(I12-I$11)/I$11*100 -> 0 | ... MW75: =(MW12-MW$11)/MW$11*100 -> 6.1495674
A76: 2 | B76: =(B13-B$11)/B$11*100 -> 1.1494253 | C76: =(C13-C$11)/C$11*100 -> 0 | D76: =(D13-D$11)/D$11*100 -> 0.21186441 | E76: =(E13-E$11)/E$11*100 -> 7.7981651 | F76: =(F13-F$11)/F$11*100 -> 0 | G76: =(G13-G$11)/G$11*100 -> 2.1032505 | H76: =(H13-H$11)/H$11*100 -> 0 | I76: =(I13-I$11)/I$11*100 -> 0 | ... MW76: =(MW13-MW$11)/MW$11*100 -> 6.9530284
A77: 3 | B77: =(B14-B$11)/B$11*100 -> 1.1494253 | C77: =(C14-C$11)/C$11*100 -> 0 | D77: =(D14-D$11)/D$11*100 -> 0.21186441 | E77: =(E14-E$11)/E$11*100 -> 6.1926606 | F77: =(F14-F$11)/F$11*100 -> 0 | G77: =(G14-G$11)/G$11*100 -> 2.1032505 | H77: =(H14-H$11)/H$11*100 -> 0 | I77: =(I14-I$11)/I$11*100 -> 0 | ... MW77: =(MW14-MW$11)/MW$11*100 -> 6.6749073
A78: 4 | B78: =(B15-B$11)/B$11*100 -> 1.1494253 | C78: =(C15-C$11)/C$11*100 -> 0 | D78: =(D15-D$11)/D$11*100 -> 0.21186441 | E78: =(E15-E$11)/E$11*100 -> 6.6513761 | F78: =(F15-F$11)/F$11*100 -> 0 | G78: =(G15-G$11)/G$11*100 -> 2.1032505 | H78: =(H15-H$11)/H$11*100 -> 0 | I78: =(I15-I$11)/I$11*100 -> 0 | ... MW78: =(MW15-MW$11)/MW$11*100 -> 6.7985167
A79: 5 | B79: =(B16-B$11)/B$11*100 -> 1.1494253 | C79: =(C16-C$11)/C$11*100 -> 0 | D79: =(D16-D$11)/D$11*100 -> 0.21186441 | E79: =(E16-E$11)/E$11*100 -> 7.5688073 | F79: =(F16-F$11)/F$11*100 -> 0 | G79: =(G16-G$11)/G$11*100 -> 2.1032505 | H79: =(H16-H$11)/H$11*100 -> 0 | I79: =(I16-I$11)/I$11*100 -> 0 | ... MW79: =(MW16-MW$11)/MW$11*100 -> 6.118665
A80: 6 | B80: =(B17-B$11)/B$11*100 -> 1.1494253 | C80: =(C17-C$11)/C$11*100 -> 0 | D80: =(D17-D$11)/D$11*100 -> 0.21186441 | E80: =(E17-E$11)/E$11*100 -> 6.4220183 | F80: =(F17-F$11)/F$11*100 -> 0 | G80: =(G17-G$11)/G$11*100 -> 2.1032505 | H80: =(H17-H$11)/H$11*100 -> 0 | I80: =(I17-I$11)/I$11*100 -> 0 | ... MW80: =(MW17-MW$11)/MW$11*100 -> 6.7676143
A81: 7 | B81: =(B18-B$11)/B$11*100 -> 1.1494253 | C81: =(C18-C$11)/C$11*100 -> 0 | D81: =(D18-D$11)/D$11*100 -> 0.21186441 | E81: =(E18-E$11)/E$11*100 -> 7.3394495 | F81: =(F18-F$11)/F$11*100 -> 0 | G81: =(G18-G$11)/G$11*100 -> 2.1032505 | H81: =(H18-H$11)/H$11*100 -> 0 | I81: =(I18-I$11)/I$11*100 -> 0 | ... MW81: =(MW18-MW$11)/MW$11*100 -> 5.6242274
A82: 8 | B82: =(B19-B$11)/B$11*100 -> 1.1494253 | C82: =(C19-C$11)/C$11*100 -> 0 | D82: =(D19-D$11)/D$11*100 -> 0.21186441 | E82: =(E19-E$11)/E$11*100 -> 8.0275229 | F82: =(F19-F$11)/F$11*100 -> 0 | G82: =(G19-G$11)/G$11*100 -> 2.1032505 | H82: =(H19-H$11)/H$11*100 -> 0 | I82: =(I19-I$11)/I$11*100 -> 0 | ... MW82: =(MW19-MW$11)/MW$11*100 -> 6.5822002
A83: 9 | B83: =(B20-B$11)/B$11*100 -> 1.1494253 | C83: =(C20-C$11)/C$11*100 -> 0 | D83: =(D20-D$11)/D$11*100 -> 0.21186441 | E83: =(E20-E$11)/E$11*100 -> 6.8807339 | F83: =(F20-F$11)/F$11*100 -> 0 | G83: =(G20-G$11)/G$11*100 -> 2.1032505 | H83: =(H20-H$11)/H$11*100 -> 0 | I83: =(I20-I$11)/I$11*100 -> 0 | ... MW83: =(MW20-MW$11)/MW$11*100 -> 6.5822002
A84: 10 | B84: =(B21-B$11)/B$11*100 -> 1.1494253 | C84: =(C21-C$11)/C$11*100 -> 0 | D84: =(D21-D$11)/D$11*100 -> 0.21186441 | E84: =(E21-E$11)/E$11*100 -> 6.8807339 | F84: =(F21-F$11)/F$11*100 -> 0 | G84: =(G21-G$11)/G$11*100 -> 2.1032505 | H84: =(H21-H$11)/H$11*100 -> 0 | I84: =(I21-I$11)/I$11*100 -> 0 | ... MW84: =(MW21-MW$11)/MW$11*100 -> 6.6749073
A85: 11 | B85: =(B22-B$11)/B$11*100 -> 1.1494253 | C85: =(C22-C$11)/C$11*100 -> 0 | D85: =(D22-D$11)/D$11*100 -> 0.21186441 | E85: =(E22-E$11)/E$11*100 -> 8.2568807 | F85: =(F22-F$11)/F$11*100 -> 0 | G85: =(G22-G$11)/G$11*100 -> 2.1032505 | H85: =(H22-H$11)/H$11*100 -> 0 | I85: =(I22-I$11)/I$11*100 -> 0 | ... MW85: =(MW22-MW$11)/MW$11*100 -> 7.354759
A86: 12 | B86: =(B23-B$11)/B$11*100 -> 1.1494253 | C86: =(C23-C$11)/C$11*100 -> 0 | D86: =(D23-D$11)/D$11*100 -> 0.21186441 | E86: =(E23-E$11)/E$11*100 -> 6.4220183 | F86: =(F23-F$11)/F$11*100 -> 0 | G86: =(G23-G$11)/G$11*100 -> 2.1032505 | H86: =(H23-H$11)/H$11*100 -> 0 | I86: =(I23-I$11)/I$11*100 -> 0 | ... MW86: =(MW23-MW$11)/MW$11*100 -> 6.025958
... A104: 30 | B104: =(B41-B$11)/B$11*100 -> 1.1494253 | C104: =(C41-C$11)/C$11*100 -> 0 | D104: =(D41-D$11)/D$11*100 -> 0.21186441 | E104: =(E41-E$11)/E$11*100 -> 8.0275229 | F104: =(F41-F$11)/F$11*100 -> 0 | G104: =(G41-G$11)/G$11*100 -> 2.1032505 | H104: =(H41-H$11)/H$11*100 -> 0 | I104: =(I41-I$11)/I$11*100 -> 0 | ... MW104: =(MW41-MW$11)/MW$11*100 -> 6.3967862

Sheet Small instances
A1: |W| | B1: |J|/|W| | C1: qw | D1: LL | E1: PTVL | F1: Best RPD | G1: Worst RPD | H1: Avg RPD | I1: Avg time | J1: LB | K1: CPLEX LB | L1: CPLEX UB | M1: CPLEX time | N1: SSPR Best | O1: SSPR Worst | P1: SSPR Avg | Q1: SSPR time
A2: 6 | B2: 2 | C2: 1 to 3 | D2: 0.4 | E2: 0.95 to 1.05 | F2: 1.1494253 | G2: 1.1494253 | H2: 1.1494253 | I2: 0.4442 | J2: 435 | K2: 440 | L2: 440 | M2: 3.91 | N2: =$J2+F2*$J2/100 -> 440 | O2: =$J2+G2*$J2/100 -> 440 | P2: =$J2+H2*$J2/100 -> 440 | Q2: =I2*30 -> 13.326
A3: 6 | B3: 2 | C3: 1 to 3 | D3: 0.4 | E3: 0.75 to 1.25 | F3: 0 | G3: 0 | H3: 0 | I3: 6.6666667e-05 | J3: 283 | K3: 283 | L3: 283 | M3: 1 | N3: =$J3+F3*$J3/100 -> 283 | O3: =$J3+G3*$J3/100 -> 283 | P3: =$J3+H3*$J3/100 -> 283 | Q3: =I3*30 -> 0.002
A4: 6 | B4: 2 | C4: 1 to 3 | D4: 0.7 | E4: 0.95 to 1.05 | F4: 0.21186441 | G4: 0.21186441 | H4: 0.21186441 | I4: 0.75183333 | J4: 472 | K4: 473 | L4: 268.5 | M4: 3600 | N4: =$J4+F4*$J4/100 -> 473 | O4: =$J4+G4*$J4/100 -> 473 | P4: =$J4+H4*$J4/100 -> 473 | Q4: =I4*30 -> 22.555
A5: 6 | B5: 2 | C5: 1 to 3 | D5: 0.7 | E5: 0.75 to 1.25 | F5: 6.1926606 | G5: 8.2568807 | H5: 7.0642202 | I5: 1.0213333 | J5: 436 | K5: 459 | L5: 311 | M5: 3600 | N5: =$J5+F5*$J5/100 -> 463 | O5: =$J5+G5*$J5/100 -> 472 | P5: =$J5+H5*$J5/100 -> 466.8 | Q5: =I5*30 -> 30.64
A6: 6 | B6: 2 | C6: 1 to 3 | D6: 0.9 | E6: 0.95 to 1.05 | F6: 0 | G6: 0 | H6: 0 | I6: 0.0022333333 | J6: 591 | K6: 591 | L6: 481 | M6: 3600 | N6: =$J6+F6*$J6/100 -> 591 | O6: =$J6+G6*$J6/100 -> 591 | P6: =$J6+H6*$J6/100 -> 591 | Q6: =I6*30 -> 0.067
A7: 6 | B7: 2 | C7: 1 to 3 | D7: 0.9 | E7: 0.75 to 1.25 | F7: 2.1032505 | G7: 2.1032505 | H7: 2.1032505 | I7: 1.5164667 | J7: 523 | K7: 534 | L7: 269 | M7: 3600 | N7: =$J7+F7*$J7/100 -> 534 | O7: =$J7+G7*$J7/100 -> 534 | P7: =$J7+H7*$J7/100 -> 534 | Q7: =I7*30 -> 45.494
A8: 6 | B8: 2 | C8: 4 to 6 | D8: 0.4 | E8: 0.95 to 1.05 | F8: 0 | G8: 0 | H8: 0 | I8: 0.0016 | J8: 1006 | K8: 1006 | L8: 1006 | M8: 3.38 | N8: =$J8+F8*$J8/100 -> 1006 | O8: =$J8+G8*$J8/100 -> 1006 | P8: =$J8+H8*$J8/100 -> 1006 | Q8: =I8*30 -> 0.048
A9: 6 | B9: 2 | C9: 4 to 6 | D9: 0.4 | E9: 0.75 to 1.25 | F9: 0 | G9: 0 | H9: 0 | I9: 0.0020666667 | J9: 973 | K9: 973 | L9: 973 | M9: 0.91 | N9: =$J9+F9*$J9/100 -> 973 | O9: =$J9+G9*$J9/100 -> 973 | P9: =$J9+H9*$J9/100 -> 973 | Q9: =I9*30 -> 0.062
A10: 6 | B10: 2 | C10: 4 to 6 | D10: 0.7 | E10: 0.95 to 1.05 | F10: 0 | G10: 0 | H10: 0 | I10: 0.0068 | J10: 1067 | K10: 1067 | L10: 1067 | M10: 9.92 | N10: =$J10+F10*$J10/100 -> 1067 | O10: =$J10+G10*$J10/100 -> 1067 | P10: =$J10+H10*$J10/100 -> 1067 | Q10: =I10*30 -> 0.204
A11: 6 | B11: 2 | C11: 4 to 6 | D11: 0.7 | E11: 0.75 to 1.25 | F11: 0 | G11: 0 | H11: 0 | I11: 0.010133333 | J11: 800 | K11: 800 | L11: 800 | M11: 2698.22 | N11: =$J11+F11*$J11/100 -> 800 | O11: =$J11+G11*$J11/100 -> 800 | P11: =$J11+H11*$J11/100 -> 800 | Q11: =I11*30 -> 0.304
A12: 6 | B12: 2 | C12: 4 to 6 | D12: 0.9 | E12: 0.95 to 1.05 | F12: 0 | G12: 0 | H12: 0 | I12: 0.021866667 | J12: 1429 | K12: 1429 | L12: 1014 | M12: 3600 | N12: =$J12+F12*$J12/100 -> 1429 | O12: =$J12+G12*$J12/100 -> 1429 | P12: =$J12+H12*$J12/100 -> 1429 | Q12: =I12*30 -> 0.656
A13: 6 | B13: 2 | C13: 4 to 6 | D13: 0.9 | E13: 0.75 to 1.25 | F13: 0 | G13: 0 | H13: 0 | I13: 0.036633333 | J13: 900 | K13: 900 | L13: 900 | M13: 177.02 | N13: =$J13+F13*$J13/100 -> 900 | O13: =$J13+G13*$J13/100 -> 900 | P13: =$J13+H13*$J13/100 -> 900 | Q13: =I13*30 -> 1.099
... A61: 6 | B61: 2 | C61: 4 to 6 | D61: 0.9 | E61: 0.75 to 1.25 | F61: 0 | G61: 0 | H61: 0 | I61: 0.0082666667 | J61: 1291 | K61: 1291 | L61: 1291 | M61: 35.41 | N61: =$J61+F61*$J61/100 -> 1291 | O61: =$J61+G61*$J61/100 -> 1291 | P61: =$J61+H61*$J61/100 -> 1291 | Q61: =I61*30 -> 0.248

Sheet CPLEXTable1
A1: qw | B1: LL | C1: PTVL | D1: Replicate no. | E1: LB | F1: CPLEX UB | G1: CPLEX LB | H1: CPLEX time | I1: SSPR Best | J1: SSPR Worst | K1: SSPR Avg | L1: SSPR time
A2: 1 to 3 | B2: 0.4 | C2: 0.95 to 1.05 | D2: 1 | E2: ='Small instances'!J2 -> 435 | F2: ='Small instances'!K2 -> 440 | G2: ='Small instances'!L2 -> 440 | H2: ='Small instances'!M2 -> 3.91 | I2: ='Small instances'!N2 -> 440 | J2: ='Small instances'!O2 -> 440 | K2: ='Small instances'!P2 -> 440 | L2: ='Small instances'!Q2 -> 13.326 | N2: =IF(I2<>J2,1,0) -> 0 | P2: =IF(F2=G2,0,1) -> 0 | R2: =IF(F2=G2,1,0) -> 1 | S2: =R2*(F2-E2)/F2*100 -> 1.1363636
D3: 2 | E3: ='Small instances'!J14 -> 376 | F3: ='Small instances'!K14 -> 381 | G3: ='Small instances'!L14 -> 381 | H3: ='Small instances'!M14 -> 10.23 | I3: ='Small instances'!N14 -> 381 | J3: ='Small instances'!O14 -> 381 | K3: ='Small instances'!P14 -> 381 | L3: ='Small instances'!Q14 -> 3.695 | N3: =IF(I3<>J3,1,0) -> 0 | P3: =IF(F3=G3,0,1) -> 0 | R3: =IF(F3=G3,1,0) -> 1 | S3: =R3*(F3-E3)/F3*100 -> 1.312336
D4: 3 | E4: ='Small instances'!J26 -> 432 | F4: ='Small instances'!K26 -> 441 | G4: ='Small instances'!L26 -> 441 | H4: ='Small instances'!M26 -> 6.59 | I4: ='Small instances'!N26 -> 441 | J4: ='Small instances'!O26 -> 441 | K4: ='Small instances'!P26 -> 441 | L4: ='Small instances'!Q26 -> 6.314 | N4: =IF(I4<>J4,1,0) -> 0 | P4: =IF(F4=G4,0,1) -> 0 | R4: =IF(F4=G4,1,0) -> 1 | S4: =R4*(F4-E4)/F4*100 -> 2.0408163
D5: 4 | E5: ='Small instances'!J38 -> 215 | F5: ='Small instances'!K38 -> 218 | G5: ='Small instances'!L38 -> 218 | H5: ='Small instances'!M38 -> 0.09 | I5: ='Small instances'!N38 -> 218 | J5: ='Small instances'!O38 -> 218 | K5: ='Small instances'!P38 -> 218 | L5: ='Small instances'!Q38 -> 0.761 | N5: =IF(I5<>J5,1,0) -> 0 | P5: =IF(F5=G5,0,1) -> 0 | R5: =IF(F5=G5,1,0) -> 1 | S5: =R5*(F5-E5)/F5*100 -> 1.3761468
D6: 5 | E6: ='Small instances'!J50 -> 289 | F6: ='Small instances'!K50 -> 289 | G6: ='Small instances'!L50 -> 289 | H6: ='Small instances'!M50 -> 2.11 | I6: ='Small instances'!N50 -> 289 | J6: ='Small instances'!O50 -> 289 | K6: ='Small instances'!P50 -> 289 | L6: ='Small instances'!Q50 -> 0.023 | N6: =IF(I6<>J6,1,0) -> 0 | P6: =IF(F6=G6,0,1) -> 0 | R6: =IF(F6=G6,1,0) -> 1 | S6: =R6*(F6-E6)/F6*100 -> 0
C7: 0.75 to 1.25 | D7: 1 | E7: ='Small instances'!J3 -> 283 | F7: ='Small instances'!K3 -> 283 | G7: ='Small instances'!L3 -> 283 | H7: ='Small instances'!M3 -> 1 | I7: ='Small instances'!N3 -> 283 | J7: ='Small instances'!O3 -> 283 | K7: ='Small instances'!P3 -> 283 | L7: ='Small instances'!Q3 -> 0.002 | N7: =IF(I7<>J7,1,0) -> 0 | P7: =IF(F7=G7,0,1) -> 0 | R7: =IF(F7=G7,1,0) -> 1 | S7: =R7*(F7-E7)/F7*100 -> 0
D8: 2 | E8: ='Small instances'!J15 -> 261 | F8: ='Small instances'!K15 -> 261 | G8: ='Small instances'!L15 -> 261 | H8: ='Small instances'!M15 -> 0.25 | I8: ='Small instances'!N15 -> 261 | J8: ='Small instances'!O15 -> 261 | K8: ='Small instances'!P15 -> 261 | L8: ='Small instances'!Q15 -> 0.007 | N8: =IF(I8<>J8,1,0) -> 0 | P8: =IF(F8=G8,0,1) -> 0 | R8: =IF(F8=G8,1,0) -> 1 | S8: =R8*(F8-E8)/F8*100 -> 0
D9: 3 | E9: ='Small instances'!J27 -> 304 | F9: ='Small instances'!K27 -> 304 | G9: ='Small instances'!L27 -> 304 | H9: ='Small instances'!M27 -> 0.73 | I9: ='Small instances'!N27 -> 304 | J9: ='Small instances'!O27 -> 304 | K9: ='Small instances'!P27 -> 304 | L9: ='Small instances'!Q27 -> 0.301 | N9: =IF(I9<>J9,1,0) -> 0 | P9: =IF(F9=G9,0,1) -> 0 | R9: =IF(F9=G9,1,0) -> 1 | S9: =R9*(F9-E9)/F9*100 -> 0
D10: 4 | E10: ='Small instances'!J39 -> 338 | F10: ='Small instances'!K39 -> 341 | G10: ='Small instances'!L39 -> 341 | H10: ='Small instances'!M39 -> 1.41 | I10: ='Small instances'!N39 -> 341 | J10: ='Small instances'!O39 -> 341 | K10: ='Small instances'!P39 -> 341 | L10: ='Small instances'!Q39 -> 3.839 | N10: =IF(I10<>J10,1,0) -> 0 | P10: =IF(F10=G10,0,1) -> 0 | R10: =IF(F10=G10,1,0) -> 1 | S10: =R10*(F10-E10)/F10*100 -> 0.8797654
D11: 5 | E11: ='Small instances'!J51 -> 350 | F11: ='Small instances'!K51 -> 368 | G11: ='Small instances'!L51 -> 368 | H11: ='Small instances'!M51 -> 29.96 | I11: ='Small instances'!N51 -> 368 | J11: ='Small instances'!O51 -> 368 | K11: ='Small instances'!P51 -> 368 | L11: ='Small instances'!Q51 -> 15.316 | N11: =IF(I11<>J11,1,0) -> 0 | P11: =IF(F11=G11,0,1) -> 0 | R11: =IF(F11=G11,1,0) -> 1 | S11: =R11*(F11-E11)/F11*100 -> 4.8913043
B12: 0.7 | C12: 0.95 to 1.05 | D12: 1 | E12: ='Small instances'!J4 -> 472 | F12: ='Small instances'!K4 -> 473 | G12: ='Small instances'!L4 -> 268.5 | H12: ='Small instances'!M4 -> 3600 | I12: ='Small instances'!N4 -> 473 | J12: ='Small instances'!O4 -> 473 | K12: ='Small instances'!P4 -> 473 | L12: ='Small instances'!Q4 -> 22.555 | N12: =IF(I12<>J12,1,0) -> 0 | P12: =IF(F12=G12,0,1) -> 1 | R12: =IF(F12=G12,1,0) -> 0 | S12: =R12*(F12-E12)/F12*100 -> 0
D13: 2 | E13: ='Small instances'!J16 -> 408 | F13: ='Small instances'!K16 -> 413 | G13: ='Small instances'!L16 -> 413 | H13: ='Small instances'!M16 -> 146.88 | I13: ='Small instances'!N16 -> 413 | J13: ='Small instances'!O16 -> 413 | K13: ='Small instances'!P16 -> 413 | L13: ='Small instances'!Q16 -> 20.621 | N13: =IF(I13<>J13,1,0) -> 0 | P13: =IF(F13=G13,0,1) -> 0 | R13: =IF(F13=G13,1,0) -> 1 | S13: =R13*(F13-E13)/F13*100 -> 1.2106538
D14: 3 | E14: ='Small instances'!J28 -> 575 | F14: ='Small instances'!K28 -> 585 | G14: ='Small instances'!L28 -> 352.3102 | H14: ='Small instances'!M28 -> 3600 | I14: ='Small instances'!N28 -> 585 | J14: ='Small instances'!O28 -> 585 | K14: ='Small instances'!P28 -> 585 | L14: ='Small instances'!Q28 -> 19.865 | N14: =IF(I14<>J14,1,0) -> 0 | P14: =IF(F14=G14,0,1) -> 1 | R14: =IF(F14=G14,1,0) -> 0 | S14: =R14*(F14-E14)/F14*100 -> 0
D15: 4 | E15: ='Small instances'!J40 -> 456 | F15: ='Small instances'!K40 -> 464 | G15: ='Small instances'!L40 -> 464 | H15: ='Small instances'!M40 -> 45.92 | I15: ='Small instances'!N40 -> 464 | J15: ='Small instances'!O40 -> 464 | K15: ='Small instances'!P40 -> 464 | L15: ='Small instances'!Q40 -> 25.592 | N15: =IF(I15<>J15,1,0) -> 0 | P15: =IF(F15=G15,0,1) -> 0 | R15: =IF(F15=G15,1,0) -> 1 | S15: =R15*(F15-E15)/F15*100 -> 1.7241379
D16: 5 | E16: ='Small instances'!J52 -> 485 | F16: ='Small instances'!K52 -> 485 | G16: ='Small instances'!L52 -> 485 | H16: ='Small instances'!M52 -> 15.92 | I16: ='Small instances'!N52 -> 485 | J16: ='Small instances'!O52 -> 485 | K16: ='Small instances'!P52 -> 485 | L16: ='Small instances'!Q52 -> 0.854 | N16: =IF(I16<>J16,1,0) -> 0 | P16: =IF(F16=G16,0,1) -> 0 | R16: =IF(F16=G16,1,0) -> 1 | S16: =R16*(F16-E16)/F16*100 -> 0
C17: 0.75 to 1.25 | D17: 1 | E17: ='Small instances'!J5 -> 436 | F17: ='Small instances'!K5 -> 459 | G17: ='Small instances'!L5 -> 311 | H17: ='Small instances'!M5 -> 3600 | I17: ='Small instances'!N5 -> 463 | J17: ='Small instances'!O5 -> 472 | K17: ='Small instances'!P5 -> 466.8 | L17: ='Small instances'!Q5 -> 30.64 | N17: =IF(I17<>J17,1,0) -> 1 | P17: =IF(F17=G17,0,1) -> 1 | R17: =IF(F17=G17,1,0) -> 0 | S17: =R17*(F17-E17)/F17*100 -> 0
D18: 2 | E18: ='Small instances'!J17 -> 424 | F18: ='Small instances'!K17 -> 433 | G18: ='Small instances'!L17 -> 422 | H18: ='Small instances'!M17 -> 3600 | I18: ='Small instances'!N17 -> 433 | J18: ='Small instances'!O17 -> 434 | K18: ='Small instances'!P17 -> 433.93333 | L18: ='Small instances'!Q17 -> 30.24 | N18: =IF(I18<>J18,1,0) -> 1 | P18: =IF(F18=G18,0,1) -> 1 | R18: =IF(F18=G18,1,0) -> 0 | S18: =R18*(F18-E18)/F18*100 -> 0
D19: 3 | E19: ='Small instances'!J29 -> 471 | F19: ='Small instances'!K29 -> 471 | G19: ='Small instances'!L29 -> 471 | H19: ='Small instances'!M29 -> 3380.83 | I19: ='Small instances'!N29 -> 471 | J19: ='Small instances'!O29 -> 471 | K19: ='Small instances'!P29 -> 471 | L19: ='Small instances'!Q29 -> 0.988 | N19: =IF(I19<>J19,1,0) -> 0 | P19: =IF(F19=G19,0,1) -> 0 | R19: =IF(F19=G19,1,0) -> 1 | S19: =R19*(F19-E19)/F19*100 -> 0
D20: 4 | E20: ='Small instances'!J41 -> 543 | F20: ='Small instances'!K41 -> 543 | G20: ='Small instances'!L41 -> 509 | H20: ='Small instances'!M41 -> 3600 | I20: ='Small instances'!N41 -> 543 | J20: ='Small instances'!O41 -> 551 | K20: ='Small instances'!P41 -> 545.13333 | L20: ='Small instances'!Q41 -> 22.678 | N20: =IF(I20<>J20,1,0) -> 1 | P20: =IF(F20=G20,0,1) -> 1 | R20: =IF(F20=G20,1,0) -> 0 | S20: =R20*(F20-E20)/F20*100 -> 0
D21: 5 | E21: ='Small instances'!J53 -> 438 | F21: ='Small instances'!K53 -> 438 | G21: ='Small instances'!L53 -> 438 | H21: ='Small instances'!M53 -> 153.63 | I21: ='Small instances'!N53 -> 452 | J21: ='Small instances'!O53 -> 464 | K21: ='Small instances'!P53 -> 456.93333 | L21: ='Small instances'!Q53 -> 23.53 | N21: =IF(I21<>J21,1,0) -> 1 | P21: =IF(F21=G21,0,1) -> 0 | R21: =IF(F21=G21,1,0) -> 1 | S21: =R21*(F21-E21)/F21*100 -> 0
B22: 0.9 | C22: 0.95 to 1.05 | D22: 1 | E22: ='Small instances'!J6 -> 591 | F22: ='Small instances'!K6 -> 591 | G22: ='Small instances'!L6 -> 481 | H22: ='Small instances'!M6 -> 3600 | I22: ='Small instances'!N6 -> 591 | J22: ='Small instances'!O6 -> 591 | K22: ='Small instances'!P6 -> 591 | L22: ='Small instances'!Q6 -> 0.067 | N22: =IF(I22<>J22,1,0) -> 0 | P22: =IF(F22=G22,0,1) -> 1 | R22: =IF(F22=G22,1,0) -> 0 | S22: =R22*(F22-E22)/F22*100 -> 0
D23: 2 | E23: ='Small instances'!J18 -> 595 | F23: ='Small instances'!K18 -> 597 | G23: ='Small instances'!L18 -> 442.0842 | H23: ='Small instances'!M18 -> 3600 | I23: ='Small instances'!N18 -> 595 | J23: ='Small instances'!O18 -> 598 | K23: ='Small instances'!P18 -> 596.53333 | L23: ='Small instances'!Q18 -> 29.931 | N23: =IF(I23<>J23,1,0) -> 1 | P23: =IF(F23=G23,0,1) -> 1 | R23: =IF(F23=G23,1,0) -> 0 | S23: =R23*(F23-E23)/F23*100 -> 0
D24: 3 | E24: ='Small instances'!J30 -> 632 | F24: ='Small instances'!K30 -> 640 | G24: ='Small instances'!L30 -> 333.876 | H24: ='Small instances'!M30 -> 3600 | I24: ='Small instances'!N30 -> 640 | J24: ='Small instances'!O30 -> 640 | K24: ='Small instances'!P30 -> 640 | L24: ='Small instances'!Q30 -> 32.031 | N24: =IF(I24<>J24,1,0) -> 0 | P24: =IF(F24=G24,0,1) -> 1 | R24: =IF(F24=G24,1,0) -> 0 | S24: =R24*(F24-E24)/F24*100 -> 0
D25: 4 | E25: ='Small instances'!J42 -> 656 | F25: ='Small instances'!K42 -> 671 | G25: ='Small instances'!L42 -> 339 | H25: ='Small instances'!M42 -> 3600 | I25: ='Small instances'!N42 -> 671 | J25: ='Small instances'!O42 -> 671 | K25: ='Small instances'!P42 -> 671 | L25: ='Small instances'!Q42 -> 29.273 | N25: =IF(I25<>J25,1,0) -> 0 | P25: =IF(F25=G25,0,1) -> 1 | R25: =IF(F25=G25,1,0) -> 0 | S25: =R25*(F25-E25)/F25*100 -> 0
D26: 5 | E26: ='Small instances'!J54 -> 676 | F26: ='Small instances'!K54 -> 679 | G26: ='Small instances'!L54 -> 399 | H26: ='Small instances'!M54 -> 3600 | I26: ='Small instances'!N54 -> 676 | J26: ='Small instances'!O54 -> 677 | K26: ='Small instances'!P54 -> 676.6 | L26: ='Small instances'!Q54 -> 36.288 | N26: =IF(I26<>J26,1,0) -> 1 | P26: =IF(F26=G26,0,1) -> 1 | R26: =IF(F26=G26,1,0) -> 0 | S26: =R26*(F26-E26)/F26*100 -> 0
C27: 0.75 to 1.25 | D27: 1 | E27: ='Small instances'!J7 -> 523 | F27: ='Small instances'!K7 -> 534 | G27: ='Small instances'!L7 -> 269 | H27: ='Small instances'!M7 -> 3600 | I27: ='Small instances'!N7 -> 534 | J27: ='Small instances'!O7 -> 534 | K27: ='Small instances'!P7 -> 534 | L27: ='Small instances'!Q7 -> 45.494 | N27: =IF(I27<>J27,1,0) -> 0 | P27: =IF(F27=G27,0,1) -> 1 | R27: =IF(F27=G27,1,0) -> 0 | S27: =R27*(F27-E27)/F27*100 -> 0
D28: 2 | E28: ='Small instances'!J19 -> 548 | F28: ='Small instances'!K19 -> 573 | G28: ='Small instances'!L19 -> 360 | H28: ='Small instances'!M19 -> 3600 | I28: ='Small instances'!N19 -> 573 | J28: ='Small instances'!O19 -> 573 | K28: ='Small instances'!P19 -> 573 | L28: ='Small instances'!Q19 -> 32.089 | N28: =IF(I28<>J28,1,0) -> 0 | P28: =IF(F28=G28,0,1) -> 1 | R28: =IF(F28=G28,1,0) -> 0 | S28: =R28*(F28-E28)/F28*100 -> 0
D29: 3 | E29: ='Small instances'!J31 -> 687 | F29: ='Small instances'!K31 -> 694 | G29: ='Small instances'!L31 -> 331 | H29: ='Small instances'!M31 -> 3600 | I29: ='Small instances'!N31 -> 694 | J29: ='Small instances'!O31 -> 700 | K29: ='Small instances'!P31 -> 696 | L29: ='Small instances'!Q31 -> 37.629 | N29: =IF(I29<>J29,1,0) -> 1 | P29: =IF(F29=G29,0,1) -> 1 | R29: =IF(F29=G29,1,0) -> 0 | S29: =R29*(F29-E29)/F29*100 -> 0
D30: 4 | E30: ='Small instances'!J43 -> 607 | F30: ='Small instances'!K43 -> 607 | G30: ='Small instances'!L43 -> 502 | H30: ='Small instances'!M43 -> 3600 | I30: ='Small instances'!N43 -> 607 | J30: ='Small instances'!O43 -> 607 | K30: ='Small instances'!P43 -> 607 | L30: ='Small instances'!Q43 -> 0.104 | N30: =IF(I30<>J30,1,0) -> 0 | P30: =IF(F30=G30,0,1) -> 1 | R30: =IF(F30=G30,1,0) -> 0 | S30: =R30*(F30-E30)/F30*100 -> 0
D31: 5 | E31: ='Small instances'!J55 -> 596 | F31: ='Small instances'!K55 -> 607 | G31: ='Small instances'!L55 -> 303 | H31: ='Small instances'!M55 -> 3600 | I31: ='Small instances'!N55 -> 609 | J31: ='Small instances'!O55 -> 629 | K31: ='Small instances'!P55 -> 620.9 | L31: ='Small instances'!Q55 -> 49.177 | N31: =IF(I31<>J31,1,0) -> 1 | P31: =IF(F31=G31,0,1) -> 1 | R31: =IF(F31=G31,1,0) -> 0 | S31: =R31*(F31-E31)/F31*100 -> 0
A32: 4 to 6 | B32: 0.4 | C32: 0.95 to 1.05 | D32: 1 | E32: ='Small instances'!J8 -> 1006 | F32: ='Small instances'!K8 -> 1006 | G32: ='Small instances'!L8 -> 1006 | H32: ='Small instances'!M8 -> 3.38 | I32: ='Small instances'!N8 -> 1006 | J32: ='Small instances'!O8 -> 1006 | K32: ='Small instances'!P8 -> 1006 | L32: ='Small instances'!Q8 -> 0.048 | N32: =IF(I32<>J32,1,0) -> 0 | P32: =IF(F32=G32,0,1) -> 0 | R32: =IF(F32=G32,1,0) -> 1 | S32: =R32*(F32-E32)/F32*100 -> 0
D33: 2 | E33: ='Small instances'!J20 -> 553 | F33: ='Small instances'!K20 -> 553 | G33: ='Small instances'!L20 -> 553 | H33: ='Small instances'!M20 -> 0.7 | I33: ='Small instances'!N20 -> 553 | J33: ='Small instances'!O20 -> 553 | K33: ='Small instances'!P20 -> 553 | L33: ='Small instances'!Q20 -> 0.073 | N33: =IF(I33<>J33,1,0) -> 0 | P33: =IF(F33=G33,0,1) -> 0 | R33: =IF(F33=G33,1,0) -> 1 | S33: =R33*(F33-E33)/F33*100 -> 0
D34: 3 | E34: ='Small instances'!J32 -> 784 | F34: ='Small instances'!K32 -> 784 | G34: ='Small instances'!L32 -> 784 | H34: ='Small instances'!M32 -> 0.34 | I34: ='Small instances'!N32 -> 784 | J34: ='Small instances'!O32 -> 784 | K34: ='Small instances'!P32 -> 784 | L34: ='Small instances'!Q32 -> 0.03 | N34: =IF(I34<>J34,1,0) -> 0 | P34: =IF(F34=G34,0,1) -> 0 | R34: =IF(F34=G34,1,0) -> 1 | S34: =R34*(F34-E34)/F34*100 -> 0
D35: 4 | E35: ='Small instances'!J44 -> 664 | F35: ='Small instances'!K44 -> 664 | G35: ='Small instances'!L44 -> 664 | H35: ='Small instances'!M44 -> 0.5 | I35: ='Small instances'!N44 -> 664 | J35: ='Small instances'!O44 -> 664 | K35: ='Small instances'!P44 -> 664 | L35: ='Small instances'!Q44 -> 0.03 | N35: =IF(I35<>J35,1,0) -> 0 | P35: =IF(F35=G35,0,1) -> 0 | R35: =IF(F35=G35,1,0) -> 1 | S35: =R35*(F35-E35)/F35*100 -> 0
D36: 5 | E36: ='Small instances'!J56 -> 810 | F36: ='Small instances'!K56 -> 810 | G36: ='Small instances'!L56 -> 810 | H36: ='Small instances'!M56 -> 1.88 | I36: ='Small instances'!N56 -> 810 | J36: ='Small instances'!O56 -> 810 | K36: ='Small instances'!P56 -> 810 | L36: ='Small instances'!Q56 -> 0.119 | N36: =IF(I36<>J36,1,0) -> 0 | P36: =IF(F36=G36,0,1) -> 0 | R36: =IF(F36=G36,1,0) -> 1 | S36: =R36*(F36-E36)/F36*100 -> 0
C37: 0.75 to 1.25 | D37: 1 | E37: ='Small instances'!J9 -> 973 | F37: ='Small instances'!K9 -> 973 | G37: ='Small instances'!L9 -> 973 | H37: ='Small instances'!M9 -> 0.91 | I37: ='Small instances'!N9 -> 973 | J37: ='Small instances'!O9 -> 973 | K37: ='Small instances'!P9 -> 973 | L37: ='Small instances'!Q9 -> 0.062 | N37: =IF(I37<>J37,1,0) -> 0 | P37: =IF(F37=G37,0,1) -> 0 | R37: =IF(F37=G37,1,0) -> 1 | S37: =R37*(F37-E37)/F37*100 -> 0
D38: 2 | E38: ='Small instances'!J21 -> 682 | F38: ='Small instances'!K21 -> 682 | G38: ='Small instances'!L21 -> 682 | H38: ='Small instances'!M21 -> 0.61 | I38: ='Small instances'!N21 -> 682 | J38: ='Small instances'!O21 -> 682 | K38: ='Small instances'!P21 -> 682 | L38: ='Small instances'!Q21 -> 0.097 | N38: =IF(I38<>J38,1,0) -> 0 | P38: =IF(F38=G38,0,1) -> 0 | R38: =IF(F38=G38,1,0) -> 1 | S38: =R38*(F38-E38)/F38*100 -> 0
D39: 3 | E39: ='Small instances'!J33 -> 952 | F39: ='Small instances'!K33 -> 952 | G39: ='Small instances'!L33 -> 952 | H39: ='Small instances'!M33 -> 2.2 | I39: ='Small instances'!N33 -> 952 | J39: ='Small instances'!O33 -> 952 | K39: ='Small instances'!P33 -> 952 | L39: ='Small instances'!Q33 -> 0.048 | N39: =IF(I39<>J39,1,0) -> 0 | P39: =IF(F39=G39,0,1) -> 0 | R39: =IF(F39=G39,1,0) -> 1 | S39: =R39*(F39-E39)/F39*100 -> 0
D40: 4 | E40: ='Small instances'!J45 -> 740 | F40: ='Small instances'!K45 -> 740 | G40: ='Small instances'!L45 -> 740 | H40: ='Small instances'!M45 -> 2.48 | I40: ='Small instances'!N45 -> 740 | J40: ='Small instances'!O45 -> 740 | K40: ='Small instances'!P45 -> 740 | L40: ='Small instances'!Q45 -> 0.083 | N40: =IF(I40<>J40,1,0) -> 0 | P40: =IF(F40=G40,0,1) -> 0 | R40: =IF(F40=G40,1,0) -> 1 | S40: =R40*(F40-E40)/F40*100 -> 0
D41: 5 | E41: ='Small instances'!J57 -> 862 | F41: ='Small instances'!K57 -> 862 | G41: ='Small instances'!L57 -> 862 | H41: ='Small instances'!M57 -> 0.66 | I41: ='Small instances'!N57 -> 862 | J41: ='Small instances'!O57 -> 862 | K41: ='Small instances'!P57 -> 862 | L41: ='Small instances'!Q57 -> 0.045 | N41: =IF(I41<>J41,1,0) -> 0 | P41: =IF(F41=G41,0,1) -> 0 | R41: =IF(F41=G41,1,0) -> 1 | S41: =R41*(F41-E41)/F41*100 -> 0
B42: 0.7 | C42: 0.95 to 1.05 | D42: 1 | E42: ='Small instances'!J10 -> 1067 | F42: ='Small instances'!K10 -> 1067 | G42: ='Small instances'!L10 -> 1067 | H42: ='Small instances'!M10 -> 9.92 | I42: ='Small instances'!N10 -> 1067 | J42: ='Small instances'!O10 -> 1067 | K42: ='Small instances'!P10 -> 1067 | L42: ='Small instances'!Q10 -> 0.204 | N42: =IF(I42<>J42,1,0) -> 0 | P42: =IF(F42=G42,0,1) -> 0 | R42: =IF(F42=G42,1,0) -> 1 | S42: =R42*(F42-E42)/F42*100 -> 0
D43: 2 | E43: ='Small instances'!J22 -> 1122 | F43: ='Small instances'!K22 -> 1122 | G43: ='Small instances'!L22 -> 1122 | H43: ='Small instances'!M22 -> 6.17 | I43: ='Small instances'!N22 -> 1122 | J43: ='Small instances'!O22 -> 1122 | K43: ='Small instances'!P22 -> 1122 | L43: ='Small instances'!Q22 -> 0.048 | N43: =IF(I43<>J43,1,0) -> 0 | P43: =IF(F43=G43,0,1) -> 0 | R43: =IF(F43=G43,1,0) -> 1 | S43: =R43*(F43-E43)/F43*100 -> 0
D44: 3 | E44: ='Small instances'!J34 -> 1171 | F44: ='Small instances'!K34 -> 1171 | G44: ='Small instances'!L34 -> 1171 | H44: ='Small instances'!M34 -> 6.55 | I44: ='Small instances'!N34 -> 1171 | J44: ='Small instances'!O34 -> 1171 | K44: ='Small instances'!P34 -> 1171 | L44: ='Small instances'!Q34 -> 0.054 | N44: =IF(I44<>J44,1,0) -> 0 | P44: =IF(F44=G44,0,1) -> 0 | R44: =IF(F44=G44,1,0) -> 1 | S44: =R44*(F44-E44)/F44*100 -> 0
D45: 4 | E45: ='Small instances'!J46 -> 1154 | F45: ='Small instances'!K46 -> 1154 | G45: ='Small instances'!L46 -> 1154 | H45: ='Small instances'!M46 -> 7.8 | I45: ='Small instances'!N46 -> 1154 | J45: ='Small instances'!O46 -> 1154 | K45: ='Small instances'!P46 -> 1154 | L45: ='Small instances'!Q46 -> 0.128 | N45: =IF(I45<>J45,1,0) -> 0 | P45: =IF(F45=G45,0,1) -> 0 | R45: =IF(F45=G45,1,0) -> 1 | S45: =R45*(F45-E45)/F45*100 -> 0
D46: 5 | E46: ='Small instances'!J58 -> 1211 | F46: ='Small instances'!K58 -> 1211 | G46: ='Small instances'!L58 -> 1211 | H46: ='Small instances'!M58 -> 14.47 | I46: ='Small instances'!N58 -> 1211 | J46: ='Small instances'!O58 -> 1211 | K46: ='Small instances'!P58 -> 1211 | L46: ='Small instances'!Q58 -> 0.07 | N46: =IF(I46<>J46,1,0) -> 0 | P46: =IF(F46=G46,0,1) -> 0 | R46: =IF(F46=G46,1,0) -> 1 | S46: =R46*(F46-E46)/F46*100 -> 0
C47: 0.75 to 1.25 | D47: 1 | E47: ='Small instances'!J11 -> 800 | F47: ='Small instances'!K11 -> 800 | G47: ='Small instances'!L11 -> 800 | H47: ='Small instances'!M11 -> 2698.22 | I47: ='Small instances'!N11 -> 800 | J47: ='Small instances'!O11 -> 800 | K47: ='Small instances'!P11 -> 800 | L47: ='Small instances'!Q11 -> 0.304 | N47: =IF(I47<>J47,1,0) -> 0 | P47: =IF(F47=G47,0,1) -> 0 | R47: =IF(F47=G47,1,0) -> 1 | S47: =R47*(F47-E47)/F47*100 -> 0
D48: 2 | E48: ='Small instances'!J23 -> 1098 | F48: ='Small instances'!K23 -> 1098 | G48: ='Small instances'!L23 -> 1098 | H48: ='Small instances'!M23 -> 10.41 | I48: ='Small instances'!N23 -> 1098 | J48: ='Small instances'!O23 -> 1098 | K48: ='Small instances'!P23 -> 1098 | L48: ='Small instances'!Q23 -> 0.044 | N48: =IF(I48<>J48,1,0) -> 0 | P48: =IF(F48=G48,0,1) -> 0 | R48: =IF(F48=G48,1,0) -> 1 | S48: =R48*(F48-E48)/F48*100 -> 0
D49: 3 | E49: ='Small instances'!J35 -> 826 | F49: ='Small instances'!K35 -> 826 | G49: ='Small instances'!L35 -> 826 | H49: ='Small instances'!M35 -> 32.98 | I49: ='Small instances'!N35 -> 826 | J49: ='Small instances'!O35 -> 826 | K49: ='Small instances'!P35 -> 826 | L49: ='Small instances'!Q35 -> 0.076 | N49: =IF(I49<>J49,1,0) -> 0 | P49: =IF(F49=G49,0,1) -> 0 | R49: =IF(F49=G49,1,0) -> 1 | S49: =R49*(F49-E49)/F49*100 -> 0
D50: 4 | E50: ='Small instances'!J47 -> 1027 | F50: ='Small instances'!K47 -> 1027 | G50: ='Small instances'!L47 -> 1027 | H50: ='Small instances'!M47 -> 27.67 | I50: ='Small instances'!N47 -> 1027 | J50: ='Small instances'!O47 -> 1027 | K50: ='Small instances'!P47 -> 1027 | L50: ='Small instances'!Q47 -> 0.301 | N50: =IF(I50<>J50,1,0) -> 0 | P50: =IF(F50=G50,0,1) -> 0 | R50: =IF(F50=G50,1,0) -> 1 | S50: =R50*(F50-E50)/F50*100 -> 0
D51: 5 | E51: ='Small instances'!J59 -> 1021 | F51: ='Small instances'!K59 -> 1021 | G51: ='Small instances'!L59 -> 1021 | H51: ='Small instances'!M59 -> 58.91 | I51: ='Small instances'!N59 -> 1021 | J51: ='Small instances'!O59 -> 1021 | K51: ='Small instances'!P59 -> 1021 | L51: ='Small instances'!Q59 -> 0.173 | N51: =IF(I51<>J51,1,0) -> 0 | P51: =IF(F51=G51,0,1) -> 0 | R51: =IF(F51=G51,1,0) -> 1 | S51: =R51*(F51-E51)/F51*100 -> 0
B52: 0.9 | C52: 0.95 to 1.05 | D52: 1 | E52: ='Small instances'!J12 -> 1429 | F52: ='Small instances'!K12 -> 1429 | G52: ='Small instances'!L12 -> 1014 | H52: ='Small instances'!M12 -> 3600 | I52: ='Small instances'!N12 -> 1429 | J52: ='Small instances'!O12 -> 1429 | K52: ='Small instances'!P12 -> 1429 | L52: ='Small instances'!Q12 -> 0.656 | N52: =IF(I52<>J52,1,0) -> 0 | P52: =IF(F52=G52,0,1) -> 1 | R52: =IF(F52=G52,1,0) -> 0 | S52: =R52*(F52-E52)/F52*100 -> 0
D53: 2 | E53: ='Small instances'!J24 -> 915 | F53: ='Small instances'!K24 -> 915 | G53: ='Small instances'!L24 -> 811 | H53: ='Small instances'!M24 -> 3600 | I53: ='Small instances'!N24 -> 915 | J53: ='Small instances'!O24 -> 915 | K53: ='Small instances'!P24 -> 915 | L53: ='Small instances'!Q24 -> 1.3 | N53: =IF(I53<>J53,1,0) -> 0 | P53: =IF(F53=G53,0,1) -> 1 | R53: =IF(F53=G53,1,0) -> 0 | S53: =R53*(F53-E53)/F53*100 -> 0
D54: 3 | E54: ='Small instances'!J36 -> 1061 | F54: ='Small instances'!K36 -> 1061 | G54: ='Small instances'!L36 -> 676.9824 | H54: ='Small instances'!M36 -> 3600 | I54: ='Small instances'!N36 -> 1061 | J54: ='Small instances'!O36 -> 1061 | K54: ='Small instances'!P36 -> 1061 | L54: ='Small instances'!Q36 -> 2.929 | N54: =IF(I54<>J54,1,0) -> 0 | P54: =IF(F54=G54,0,1) -> 1 | R54: =IF(F54=G54,1,0) -> 0 | S54: =R54*(F54-E54)/F54*100 -> 0
D55: 4 | E55: ='Small instances'!J48 -> 1242 | F55: ='Small instances'!K48 -> 1242 | G55: ='Small instances'!L48 -> 1013 | H55: ='Small instances'!M48 -> 3600 | I55: ='Small instances'!N48 -> 1242 | J55: ='Small instances'!O48 -> 1242 | K55: ='Small instances'!P48 -> 1242 | L55: ='Small instances'!Q48 -> 0.247 | N55: =IF(I55<>J55,1,0) -> 0 | P55: =IF(F55=G55,0,1) -> 1 | R55: =IF(F55=G55,1,0) -> 0 | S55: =R55*(F55-E55)/F55*100 -> 0
D56: 5 | E56: ='Small instances'!J60 -> 1112 | F56: ='Small instances'!K60 -> 1112 | G56: ='Small instances'!L60 -> 878 | H56: ='Small instances'!M60 -> 3600 | I56: ='Small instances'!N60 -> 1112 | J56: ='Small instances'!O60 -> 1112 | K56: ='Small instances'!P60 -> 1112 | L56: ='Small instances'!Q60 -> 0.634 | N56: =IF(I56<>J56,1,0) -> 0 | P56: =IF(F56=G56,0,1) -> 1 | R56: =IF(F56=G56,1,0) -> 0 | S56: =R56*(F56-E56)/F56*100 -> 0
C57: 0.75 to 1.25 | D57: 1 | E57: ='Small instances'!J13 -> 900 | F57: ='Small instances'!K13 -> 900 | G57: ='Small instances'!L13 -> 900 | H57: ='Small instances'!M13 -> 177.02 | I57: ='Small instances'!N13 -> 900 | J57: ='Small instances'!O13 -> 900 | K57: ='Small instances'!P13 -> 900 | L57: ='Small instances'!Q13 -> 1.099 | N57: =IF(I57<>J57,1,0) -> 0 | P57: =IF(F57=G57,0,1) -> 0 | R57: =IF(F57=G57,1,0) -> 1 | S57: =R57*(F57-E57)/F57*100 -> 0
D58: 2 | E58: ='Small instances'!J25 -> 1027 | F58: ='Small instances'!K25 -> 1027 | G58: ='Small instances'!L25 -> 1027 | H58: ='Small instances'!M25 -> 156.17 | I58: ='Small instances'!N25 -> 1027 | J58: ='Small instances'!O25 -> 1027 | K58: ='Small instances'!P25 -> 1027 | L58: ='Small instances'!Q25 -> 0.227 | N58: =IF(I58<>J58,1,0) -> 0 | P58: =IF(F58=G58,0,1) -> 0 | R58: =IF(F58=G58,1,0) -> 1 | S58: =R58*(F58-E58)/F58*100 -> 0
D59: 3 | E59: ='Small instances'!J37 -> 1256 | F59: ='Small instances'!K37 -> 1256 | G59: ='Small instances'!L37 -> 743 | H59: ='Small instances'!M37 -> 3600 | I59: ='Small instances'!N37 -> 1256 | J59: ='Small instances'!O37 -> 1256 | K59: ='Small instances'!P37 -> 1256 | L59: ='Small instances'!Q37 -> 0.19 | N59: =IF(I59<>J59,1,0) -> 0 | P59: =IF(F59=G59,0,1) -> 1 | R59: =IF(F59=G59,1,0) -> 0 | S59: =R59*(F59-E59)/F59*100 -> 0
D60: 4 | E60: ='Small instances'!J49 -> 927 | F60: ='Small instances'!K49 -> 927 | G60: ='Small instances'!L49 -> 927 | H60: ='Small instances'!M49 -> 23.11 | I60: ='Small instances'!N49 -> 927 | J60: ='Small instances'!O49 -> 927 | K60: ='Small instances'!P49 -> 927 | L60: ='Small instances'!Q49 -> 0.134 | N60: =IF(I60<>J60,1,0) -> 0 | P60: =IF(F60=G60,0,1) -> 0 | R60: =IF(F60=G60,1,0) -> 1 | S60: =R60*(F60-E60)/F60*100 -> 0
D61: 5 | E61: ='Small instances'!J61 -> 1291 | F61: ='Small instances'!K61 -> 1291 | G61: ='Small instances'!L61 -> 1291 | H61: ='Small instances'!M61 -> 35.41 | I61: ='Small instances'!N61 -> 1291 | J61: ='Small instances'!O61 -> 1291 | K61: ='Small instances'!P61 -> 1291 | L61: ='Small instances'!Q61 -> 0.248 | N61: =IF(I61<>J61,1,0) -> 0 | P61: =IF(F61=G61,0,1) -> 0 | R61: =IF(F61=G61,1,0) -> 1 | S61: =R61*(F61-E61)/F61*100 -> 0
N63: =SUM(N2:N61) -> 8 | P63: =SUM(P2:P61) -> 21 | R63: =SUM(R2:R61) -> 39 | S63: =SUM(S2:S61)/R63 -> 0.37362882

Sheet Sice calc
A1: Best RPD | B1: Avg RPD | C1: Avg time | D1: Worst RPD | G1: Source | I1: DF | J1: Seq SS | K1: Adj SS | L1: Adj MS | M1: F | N1: P
A2: 1.1494253 | B2: 1.1494253 | C2: 0.4442 | D2: 1.1494253 | G2: |W| | I2: 1 | J2: 0.185 | K2: 0.185 | L2: 0.185 | M2: 0.09 | N2: 0.765
A3: 0 | B3: 0 | C3: 6.6666667e-05 | D3: 0 | G3: |J|/|W| | I3: 2 | J3: 123.273 | K3: 123.273 | L3: 61.637 | M3: 29.89 | N3: 0
A4: 0.21186441 | B4: 0.21186441 | C4: 0.75183333 | D4: 0.21186441 | G4: qw | I4: 1 | J4: 24.933 | K4: 24.933 | L4: 24.933 | M4: 12.09 | N4: 0.001
A5: 6.1926606 | B5: 7.0642202 | C5: 1.0213333 | D5: 8.2568807 | G5: LL | I5: 2 | J5: 76.138 | K5: 76.138 | L5: 38.069 | M5: 18.46 | N5: 0
A6: 0 | B6: 0 | C6: 0.0022333333 | D6: 0 | G6: PTVL | I6: 1 | J6: 84.947 | K6: 84.947 | L6: 84.947 | M6: 41.19 | N6: 0
A7: 2.1032505 | B7: 2.1032505 | C7: 1.5164667 | D7: 2.1032505 | G7: |W|*|J|/|W| | I7: 2 | J7: 6.343 | K7: 6.343 | L7: 3.172 | M7: 1.54 | N7: 0.216
A8: 0 | B8: 0 | C8: 0.0016 | D8: 0 | G8: |W|*qw | I8: 1 | J8: 4.188 | K8: 4.188 | L8: 4.188 | M8: 2.03 | N8: 0.155
A9: 0 | B9: 0 | C9: 0.0020666667 | D9: 0 | G9: |W|*LL | I9: 2 | J9: 2.37 | K9: 2.37 | L9: 1.185 | M9: 0.57 | N9: 0.564
A10: 0 | B10: 0 | C10: 0.0068 | D10: 0 | G10: |W|*PTVL | I10: 1 | J10: 8.928 | K10: 8.928 | L10: 8.928 | M10: 4.33 | N10: 0.038
A11: 0 | B11: 0 | C11: 0.010133333 | D11: 0 | G11: |J|/|W|*qw | I11: 2 | J11: 170.804 | K11: 170.804 | L11: 85.402 | M11: 41.41 | N11: 0
A12: 0 | B12: 0 | C12: 0.021866667 | D12: 0 | G12: |J|/|W|*LL | I12: 4 | J12: 54.175 | K12: 54.175 | L12: 13.544 | M12: 6.57 | N12: 0
A13: 0 | B13: 0 | C13: 0.036633333 | D13: 0 | G13: |J|/|W|*PTVL | I13: 2 | J13: 44.296 | K13: 44.296 | L13: 22.148 | M13: 10.74 | N13: 0
... A16: 1.3645224 | B16: 1.588694 | C16: 2.0195667 | D16: 1.6569201 | G16: LL*PTVL | I16: 2 | J16: 12.598 | K16: 12.598 | L16: 6.299 | M16: 3.05 | N16: 0.048
A17: 0 | B17: 0 | C17: 0.00016666667 | D17: 0 | G17: Error | I17: 333 | J17: 686.731 | K17: 686.731 | L17: 2.062
A18: 0.3868472 | B18: 0.55770471 | C18: 3.1954667 | D18: 0.77369439 | G18: Total | I18: 359 | J18: 1444.842
A19: 1.4705882 | B19: 2.6168929 | C19: 3.0774333 | D19: 3.280543
A20: 0 | B20: 0 | C20: 0.0015666667 | D20: 0
A21: 0 | B21: 0 | C21: 0.0040666667 | D21: 0
A22: 0 | B22: 0.0032206119 | C22: 0.73676667 | D22: 0.096618357
A23: 2.7777778 | B23: 3.2654321 | C23: 2.6596 | D23: 3.7962963
A24: 0.15503876 | B24: 0.47028424 | C24: 3.9163 | D24: 1.0077519
A25: 7.5 | B25: 9.0471014 | C25: 4.5644333 | D25: 10.434783
A26: 0.28490028 | B26: 0.30389364 | C26: 1.6217667 | D26: 0.47483381
A27: 0.6615215 | B27: 0.6615215 | C27: 2.9523333 | D27: 0.6615215
A28: 1.4655172 | B28: 1.6925287 | C28: 4.3158 | D28: 1.8103448
A29: 0.37537538 | B29: 0.92592593 | C29: 3.8801333 | D29: 1.2762763
A30: 0.27262814 | B30: 0.51254089 | C30: 4.5806 | D30: 0.70883315
... A361: 5.6242274 | B361: 6.5090647 | C361: 82.7099 | D361: 7.354759
A363: =COUNTIF(A2:A361,"=0") -> 185 | B363: =COUNTIF(B2:B361,"=0") -> 168 | C363: =COUNTIF(C2:C361,"=0") -> 1 | D363: =COUNTIF(D2:D361,"=0") -> 168
A364: =COUNTIF(A2:A361,">5") -> 17 | B364: =COUNTIF(B2:B361,">5") -> 27 | C364: =MAX(C2:C361) -> 87.899267 | D364: =COUNTIF(D2:D361,">5") -> 37
A365: =AVERAGE(A2:A361) -> 1.0924802 | B365: =AVERAGE(B2:B361) -> 1.3532228 | C365: =AVERAGE(C2:C361) -> 10.573484 | D365: =AVERAGE(D2:D361) -> 1.5940455
A366: =_xlfn.STDEV.S(A2:A361) -> 1.682414 | B366: =_xlfn.STDEV.S(B2:B361) -> 2.0061479 | C366: =_xlfn.STDEV.S(C2:C361) -> 19.768728 | D366: =_xlfn.STDEV.S(D2:D361) -> 2.320941
